Skor M2 (Skills),Skor M5 (Compass),Skor M8 (Ambisi),Skor M9 (Resiliensi),Semester,IPK,Ekspektasi Gaji,Minat Wirausaha,Rencana S2/Sertifikasi,Frekuensi Belajar,Level Bahasa Inggris,Motivasi,Cognitive Style,Work Style,Kultur Kerja,Ukuran Perusahaan,PCA1,PCA2,Cluster
12,10,9,9,5,4,4,4,4,3,3,growth,creative,big,agile,big,4.744023731964562,1.2462815660634219,1
7,9,6,5,1,2,2,2,2,2,1,prestige,social,small,agile,big,-1.8036210670573196,-1.9627883901376815,0
9,10,7,9,3,4,2,5,3,2,2,growth,analytical,flex,result,startup,2.071264275613094,-0.48009798301748746,1
11,9,5,6,3,4,2,3,2,3,4,impact,analytical,flex,collab,flex,0.8120412378739328,2.697259273097254,2
10,9,5,10,3,2,2,1,2,4,2,money,analytical,solo,formal,flex,0.7005591778171905,1.0686835210614245,1
12,9,5,6,3,4,2,5,1,2,2,growth,social,small,formal,startup,-0.12757082382114582,0.5152577469910498,2
6,8,6,5,3,4,2,4,2,3,1,money,social,small,collab,mid,-1.1749869565906972,-0.7365774739005121,0
11,9,5,5,3,3,2,3,3,1,3,impact,strategic,small,formal,flex,-0.458622538017856,1.3618585700565375,2
10,10,7,9,3,4,2,5,2,3,1,growth,analytical,flex,formal,flex,1.8737644944866918,-0.8362344898859838,1
5,8,5,5,3,4,2,3,2,2,1,money,social,small,collab,mid,-2.4145704822253413,-0.43609372592718904,0
10,8,6,8,3,4,2,5,2,3,2,money,strategic,small,formal,flex,0.9441019820977541,0.4139249026648368,2
9,8,6,7,5,4,3,1,3,2,4,money,analytical,small,collab,flex,0.3302486012743902,3.71881017168254,2
6,8,5,5,5,4,2,3,1,1,2,money,social,solo,collab,flex,-2.7709952072966826,1.4054923268545008,0
9,8,8,9,3,4,3,5,3,3,4,money,social,small,collab,startup,3.027646744869081,0.9631846659688047,1
9,8,5,7,3,3,1,4,1,2,2,freedom,analytical,solo,collab,startup,-1.207130525330382,0.30643969238143937,0
9,9,6,7,3,4,2,5,2,2,2,impact,strategic,small,collab,mid,0.3809029226838008,-0.16420600693911408,2
10,9,8,5,3,4,2,4,3,1,2,money,strategic,solo,collab,flex,0.2862121346590812,0.1620523744936007,2
8,9,6,7,3,4,2,4,2,2,2,growth,analytical,solo,collab,big,-0.009914659563202935,-0.0044222882567227645,2
9,8,5,6,3,4,3,4,2,2,2,impact,analytical,flex,collab,big,-0.33945770277854254,0.27384344778268194,2
8,9,7,7,3,4,2,4,3,2,2,growth,analytical,solo,formal,big,0.7041926802285277,-0.16400573946821612,2
9,9,6,7,4,2,1,4,3,2,2,prestige,social,small,collab,flex,0.13256476469319345,0.03958431028321797,2
9,8,7,7,3,4,3,2,3,2,2,money,analytical,solo,collab,flex,0.2340645467398681,0.8557110700975304,2
8,8,7,6,3,4,3,4,2,2,2,prestige,analytical,small,formal,flex,-0.09491406308162303,-0.14079481097527888,2
6,7,6,5,3,4,3,3,2,2,1,money,social,small,formal,flex,-1.9772476573853417,-0.42829517185801685,0
5,8,5,5,3,4,2,4,2,2,1,money,social,solo,collab,startup,-2.092913400828479,-0.8120444618799983,0
2,6,5,5,5,3,1,2,2,2,1,money,creative,solo,formal,flex,-4.057328309904664,0.5087102940167797,0
8,9,7,6,3,4,3,4,2,2,2,impact,analytical,solo,collab,flex,0.23290107789600373,-0.30235363971899115,2
9,7,8,9,3,4,3,3,3,3,1,impact,analytical,flex,formal,big,1.3630086161981525,-0.3404429093751787,1
11,9,4,5,3,3,1,3,2,2,2,money,analytical,small,formal,flex,-1.3645239134967995,1.1965494352102417,0
10,9,6,7,3,4,2,4,3,3,3,impact,analytical,small,collab,flex,1.5052676934813682,1.2038197103606478,1
8,9,5,5,3,4,2,3,2,2,1,growth,analytical,flex,formal,mid,-1.4553777583382936,-0.10465579661425109,0
9,8,5,6,3,4,1,3,3,2,2,impact,social,flex,collab,flex,-0.8193211188155674,1.2360926331482482,2
8,7,5,7,3,4,1,4,1,2,1,prestige,analytical,small,collab,mid,-1.9796922023150583,0.019207486752301516,0
6,8,6,6,3,3,3,3,2,2,3,impact,creative,flex,collab,flex,-0.645331148100885,0.3352448825939861,0
8,8,6,7,3,2,2,4,2,3,1,impact,social,flex,collab,big,-0.21103311581641154,-1.3947771811592478,2
10,10,4,6,3,4,2,3,1,1,2,money,analytical,small,formal,big,-1.539702904647637,0.9465986590125791,0
9,10,9,7,3,4,2,4,3,3,2,impact,analytical,flex,collab,flex,2.276517222085336,-0.28213952664901143,1
14,9,7,7,5,3,2,4,3,2,4,prestige,social,small,result,flex,2.347030865163471,2.871168091239659,1
8,7,6,5,3,4,4,4,2,1,2,money,analytical,solo,formal,big,-1.0993436047677387,-0.1433479020587683,0
8,9,3,4,3,3,2,3,1,2,2,money,social,big,formal,flex,-2.61113228430816,0.6145479876826804,0
7,8,6,7,3,3,3,3,2,2,2,growth,analytical,big,collab,big,-0.4774585611557584,-0.3978517591359357,2
10,10,8,9,3,3,3,4,3,3,2,growth,analytical,flex,formal,flex,2.8818695331901982,-0.6280079206981335,1
9,9,5,6,4,4,2,3,3,2,1,growth,social,small,collab,mid,-0.652541656416773,0.46232796206268306,2
7,8,5,5,3,4,2,4,2,1,2,growth,strategic,small,collab,flex,-1.8438350803391086,0.17324721541085145,0
12,8,7,7,3,4,5,4,2,3,3,money,strategic,solo,collab,big,2.295999756741128,0.8699439985525269,1
7,8,5,5,3,4,2,4,2,2,2,money,analytical,solo,result,flex,-1.3811702344641583,0.3424037168913144,0
9,9,6,8,3,4,3,4,2,2,1,impact,strategic,flex,formal,flex,0.35440408101870924,-0.5979929317023694,2
9,8,5,6,3,4,1,2,2,2,2,money,strategic,solo,formal,big,-1.589798529925011,1.6175421024697876,0
11,9,8,6,3,4,3,4,3,3,2,growth,strategic,small,formal,big,2.004741194530616,0.026546455617473368,1
9,8,6,6,3,4,2,5,2,2,1,money,analytical,flex,formal,flex,-0.47372647031244836,-0.5270162445468334,2
6,7,5,5,3,4,2,4,1,2,1,money,social,small,collab,big,-2.6203128788540795,-0.5113668239590456,0
13,9,8,8,3,4,4,5,2,3,3,growth,creative,flex,collab,startup,3.4185989895239315,0.5269234281280053,1
6,8,5,7,3,3,2,3,3,2,1,growth,analytical,solo,formal,flex,-1.2540799181984918,-0.7372572550754329,0
8,8,7,9,3,4,2,3,2,4,2,money,analytical,small,formal,mid,1.072911497555142,0.6165470617127704,1
8,8,7,8,3,4,4,5,2,2,1,growth,strategic,big,collab,flex,0.7708506424280139,-1.4930290124796488,2
9,9,5,7,5,1,2,4,1,2,2,impact,analytical,flex,formal,flex,-0.6978951630296479,0.011917473321437534,2
8,8,4,5,3,4,2,2,2,2,1,money,analytical,small,formal,big,-2.4117828812262117,0.6016426974564807,0
8,9,8,7,3,4,2,5,2,3,2,growth,social,small,formal,flex,1.2146439317026365,-0.5285144123266744,2
8,8,7,5,3,4,3,5,2,1,2,impact,social,flex,collab,flex,-0.4592905310965066,-0.558110288738525,2
9,8,6,7,3,4,2,5,2,3,3,growth,social,small,collab,big,0.9244993151020342,0.7173752766442671,2
8,10,7,9,3,3,1,5,2,3,2,growth,strategic,flex,collab,mid,1.5659508220430172,-0.761957935916736,1
9,8,6,7,3,4,5,3,2,2,2,money,analytical,flex,formal,big,0.4177399784531228,0.12283640369343238,2
8,8,5,5,3,4,3,3,2,2,2,growth,social,flex,formal,flex,-1.1817337436677025,0.608992885802591,0
10,8,6,8,3,4,3,3,2,2,2,money,social,big,collab,mid,0.24045154912408834,0.7422279485304266,2
8,8,5,5,3,3,2,3,3,1,1,money,analytical,small,collab,flex,-1.9350538494529952,-0.40081901153465666,0
8,9,5,5,3,4,2,1,2,2,1,money,analytical,solo,formal,flex,-2.1573806283686063,0.7928733542097338,0
9,9,3,5,3,4,1,3,1,2,2,money,analytical,flex,result,flex,-2.2748146583322146,1.5332601899702194,0
6,9,4,5,3,4,2,2,1,1,1,money,strategic,solo,formal,big,-3.390206970971415,0.1022536770418003,0
6,8,6,6,3,3,3,2,2,2,1,money,strategic,small,collab,mid,-1.6925838355690974,-0.7433118649503504,0
9,9,8,6,3,3,2,5,2,2,3,prestige,analytical,small,collab,startup,1.017498312879524,-0.2819256686958312,2
9,9,8,9,3,4,2,5,4,4,2,impact,analytical,flex,result,flex,3.4437029413003337,-0.27755824896774145,1
12,8,8,7,3,4,4,5,3,2,2,prestige,analytical,small,formal,big,2.2374797251379883,-0.3381722318118288,1
9,7,5,6,3,4,2,3,2,2,2,growth,analytical,small,formal,big,-1.2790926250520847,0.9979327552187275,0
8,9,7,5,3,3,3,4,2,1,2,money,social,small,collab,flex,-0.6474255130907807,-0.749731844216948,2
6,9,7,9,3,4,3,5,2,2,2,money,analytical,solo,result,startup,0.9689659642014663,-1.0133957660627178,2
10,7,5,5,3,3,3,2,2,2,1,money,analytical,small,formal,flex,-1.8617454951358006,0.3289862130858397,0
10,8,7,8,3,4,2,5,2,2,1,money,analytical,flex,collab,flex,0.5673555508890613,-0.5336060065221973,2
8,8,6,7,3,4,2,4,2,2,1,growth,analytical,solo,formal,startup,-0.6662996588348886,-0.547994528205419,2
7,9,7,7,3,4,3,3,3,3,2,money,strategic,flex,collab,flex,0.9834991192767901,0.10951553979375608,2
12,9,6,7,3,4,2,4,2,3,2,impact,social,flex,collab,flex,1.1478176620048646,0.9145217372306311,2
10,10,8,7,3,4,2,4,3,2,2,money,analytical,small,formal,big,1.5760743182715022,-0.0494782689983038,2
9,8,7,6,3,4,2,5,3,3,3,impact,creative,small,formal,mid,1.3445382700694481,0.5964221960437599,1
8,9,5,6,3,3,4,3,1,1,2,money,analytical,small,formal,big,-1.3771939506756472,-0.36790538383973287,0
7,7,5,8,3,4,1,5,2,2,2,money,analytical,flex,formal,flex,-0.8210172023714606,0.39491090511612364,2
7,8,6,5,3,4,2,4,2,2,3,money,analytical,flex,collab,startup,-0.6611509631739543,0.8154459831224385,2
10,9,7,7,3,4,2,3,3,2,2,impact,analytical,small,collab,big,0.780439182754133,0.5240182729743915,2
6,8,5,5,3,4,1,4,2,2,2,money,social,small,collab,flex,-1.9045573296853735,0.3915447930848423,0
6,9,5,9,3,4,2,4,1,4,1,growth,analytical,flex,formal,flex,0.027060273158655335,-0.600848220440711,2
10,8,5,7,2,3,2,3,2,2,2,money,creative,small,formal,flex,-0.749060208708771,0.33323017970165375,0
6,8,7,6,3,2,2,5,1,2,1,prestige,social,small,collab,startup,-1.2805052551002656,-2.366218033284687,0
9,10,8,6,3,4,2,5,3,2,2,money,analytical,flex,collab,flex,1.4801871630650658,-0.46505938698816013,2
10,9,7,7,3,4,2,4,3,3,2,growth,analytical,solo,formal,flex,1.477517414944339,0.357744427762498,1
10,9,8,9,3,2,2,3,3,2,2,impact,analytical,solo,formal,flex,1.4467405555975197,-0.42727393272118447,1
10,9,5,8,3,4,1,3,3,2,2,growth,analytical,solo,formal,flex,0.10759857543299754,1.2398610791854368,2
8,7,7,9,3,4,2,2,2,4,2,prestige,social,small,formal,mid,0.5061256477452665,1.0777890106593273,2
10,9,5,9,3,3,1,4,2,3,2,growth,analytical,flex,collab,flex,0.7454692744638349,0.4870960252018291,2
9,8,5,5,4,3,2,2,1,2,2,growth,social,flex,formal,flex,-2.0232561044215283,1.3970080010778128,0
11,10,8,9,3,4,2,4,3,4,3,growth,analytical,flex,collab,flex,3.670189373262615,1.0176372364610262,1
6,7,5,7,3,4,1,3,4,2,2,impact,analytical,flex,formal,flex,-0.9161773448749337,0.8509599417285255,0
12,8,8,7,3,4,3,3,3,2,2,money,social,flex,formal,flex,1.365397112910944,0.8996858524431596,2
8,7,7,7,3,4,3,5,2,2,2,money,creative,flex,collab,big,0.3127299461213698,-0.3447782050803699,2
7,8,3,8,3,3,1,2,2,2,2,growth,analytical,big,agile,big,-1.9233254130919002,0.969253704662515,0
9,9,5,7,3,4,2,2,2,2,2,growth,analytical,small,collab,flex,-0.7765315351731523,1.1714044830901682,2
6,9,7,7,3,3,4,5,2,1,1,money,analytical,small,collab,flex,-0.21098230759619996,-2.441483790012677,2
9,9,7,9,3,4,5,4,2,4,1,money,strategic,big,formal,big,2.4013879091098436,-1.1763133235227892,1
9,9,4,7,1,2,2,3,1,1,2,money,social,solo,agile,mid,-1.8839826965238737,-0.8620678578966892,0
11,8,5,7,3,4,1,3,2,2,2,growth,strategic,small,collab,flex,-0.6806494361204873,1.5573261236429303,2
8,9,8,7,3,4,3,5,2,2,1,growth,analytical,small,formal,flex,0.7212818426688419,-1.5668063142757362,2
7,8,7,7,3,4,3,4,2,2,2,money,social,small,collab,flex,-0.048811302470152876,-0.23980835158786024,2
7,8,5,5,4,4,2,3,2,2,2,growth,analytical,solo,collab,flex,-1.616068631774046,1.065070813207495,0
4,9,7,5,3,2,2,1,2,3,2,impact,strategic,small,formal,big,-1.4818386243567452,-0.5841639795011965,0
9,9,8,8,4,3,2,5,2,2,1,money,analytical,flex,formal,mid,0.9227536742299125,-1.0881741098238233,2
6,8,4,5,3,4,1,2,2,1,1,growth,social,small,collab,mid,-3.5192635886756216,0.352140748093228,0
7,8,5,6,3,4,2,3,2,2,2,money,social,big,formal,flex,-1.4386953538169336,0.7121896163766502,0
8,8,7,7,3,3,2,5,2,2,2,impact,social,small,formal,big,0.16118772804168796,-0.8525282822418921,2
8,9,8,7,3,4,3,3,3,3,2,impact,social,small,collab,flex,1.3749083374867679,-0.041494080002228075,1
13,8,8,9,2,4,2,4,3,3,3,growth,strategic,small,formal,mid,2.873155699395257,1.0582561699777329,1
9,9,8,7,3,4,2,5,3,2,1,impact,social,flex,collab,flex,1.1415395835779538,-1.1137715370472605,2
8,8,6,3,3,3,2,4,2,1,1,impact,social,big,formal,mid,-2.267928742901182,-1.0831522196894856,0
7,9,8,7,3,4,3,3,2,3,1,money,analytical,small,formal,big,0.4570716115188682,-0.9275944802008887,2
9,9,5,6,3,4,2,2,3,2,1,money,analytical,small,result,flex,-0.9583874356128146,0.5494942822478502,0
8,8,5,9,3,4,2,4,2,3,1,growth,analytical,solo,collab,flex,0.0287827831853969,-0.2320319657476317,2
6,8,6,8,3,4,3,3,2,3,1,impact,analytical,flex,collab,mid,-0.22620138215039776,-0.6544087029902971,2
9,10,8,9,3,4,4,5,1,4,2,freedom,strategic,flex,result,flex,2.934968849767905,-0.8072764720768943,1
9,8,7,8,3,4,3,5,2,2,1,growth,social,small,collab,big,0.6329478290496782,-1.1859044788208137,2
8,8,4,6,3,4,1,3,2,2,1,freedom,social,flex,collab,flex,-2.074985989195045,0.5522606740261603,0
8,7,7,8,3,4,2,4,3,2,2,money,analytical,solo,collab,mid,0.3551271075792188,0.2412490232683456,2
12,8,6,8,4,2,2,4,1,2,2,prestige,analytical,flex,formal,mid,0.1625623967681568,0.4745891205121096,2
8,8,5,7,3,4,2,3,2,1,1,money,analytical,small,collab,flex,-1.7951120095483655,0.08236433684886676,0
6,7,5,5,3,4,1,4,2,2,2,money,social,small,formal,startup,-2.175607033423521,0.45923100128337985,0
6,10,6,6,3,4,2,5,2,2,1,growth,creative,flex,collab,flex,-0.3961751002949032,-1.4384711344307686,2
9,10,8,7,3,2,3,4,2,2,2,growth,social,flex,collab,flex,1.2027571050004273,-1.332584320536563,2
9,8,5,6,3,3,2,2,2,2,2,money,analytical,solo,formal,flex,-1.4253879523538706,0.9881049588390564,0
9,7,6,7,3,4,1,4,2,2,2,money,analytical,small,formal,flex,-0.8003693046703828,0.9008701624988267,2
9,7,5,5,3,3,2,3,2,1,2,money,analytical,small,collab,flex,-2.1417520276820454,0.6473060654046897,0
6,9,7,9,3,4,3,5,2,2,2,money,analytical,solo,result,startup,0.9689659642014663,-1.0133957660627178,2
8,8,5,8,3,4,1,3,3,4,2,impact,analytical,small,formal,flex,0.39630368518617676,1.1527663312896574,2
9,8,7,6,3,4,3,3,3,3,3,growth,analytical,flex,formal,big,1.2055191109563013,1.1034464771605768,1
10,8,6,7,3,4,2,5,2,2,2,growth,social,small,collab,startup,0.2771816308311132,0.11678813807304736,2
8,9,6,5,3,4,1,5,2,2,2,money,strategic,flex,collab,flex,-0.5552606678708527,0.11583109291427565,2
9,8,5,5,3,4,2,4,1,2,2,growth,analytical,flex,formal,mid,-1.378087318576359,0.5675968817242941,0
12,8,7,7,3,3,2,4,3,2,4,money,creative,small,agile,flex,1.6711874321469884,1.843420583525467,1
8,9,5,5,3,4,1,3,2,2,2,money,analytical,small,formal,mid,-1.535686522364086,0.8995920862088652,0
9,8,8,5,3,4,3,4,3,2,2,money,analytical,small,agile,big,0.6413944725832064,-0.18167714043539168,2
9,9,5,7,5,3,2,3,2,1,2,money,analytical,flex,collab,flex,-0.927376143154804,1.320813872311226,2
7,9,7,7,3,4,3,5,2,2,1,money,social,small,collab,flex,0.18146412783703936,-1.4776172008380302,2
7,8,5,5,3,4,2,3,2,2,1,money,analytical,small,formal,big,-2.0023199341376725,-0.11540695014694538,0
9,9,7,8,3,4,3,4,2,2,2,prestige,analytical,small,collab,flex,0.9170032381800328,-0.1262664908475839,2
6,8,5,6,3,4,2,2,2,2,1,impact,creative,small,collab,mid,-2.1912420444688854,0.026217896938403006,0
6,8,6,8,3,4,2,4,2,2,1,money,analytical,flex,collab,flex,-0.7346906705082306,-0.6893835189089834,2
7,8,5,6,3,4,2,2,1,2,1,money,social,flex,agile,flex,-2.410657215584215,0.4396065229973077,0
11,8,5,7,3,4,2,3,2,1,1,impact,analytical,flex,formal,mid,-1.1472189966057562,0.505159234152276,2
9,9,7,8,3,4,2,3,3,2,2,growth,social,flex,collab,flex,0.8722325615080124,0.5191300320761761,2
10,9,7,7,3,4,3,5,1,2,2,impact,analytical,small,collab,flex,0.6835068768549086,-0.33769743093161947,2
11,10,5,7,3,4,1,4,2,2,2,growth,strategic,flex,collab,flex,0.24449812918099695,0.940844351890582,2
9,9,6,6,3,4,2,3,3,2,2,money,strategic,flex,collab,mid,0.040119702518675984,0.7200694495131409,2
9,7,6,7,3,4,1,4,2,2,2,money,analytical,small,formal,flex,-0.8003693046703828,0.9008701624988267,2
12,10,8,7,3,4,3,3,3,2,1,growth,creative,solo,formal,flex,1.5845326662906276,-0.2299750389813309,1
9,8,8,7,3,4,3,4,2,4,4,growth,strategic,flex,collab,mid,2.4038125998625017,1.3997166766916884,1
6,7,5,5,3,4,1,4,2,2,2,money,social,small,collab,flex,-2.1793835937048227,0.5370385279863662,0
9,9,7,6,5,3,2,4,3,2,4,money,analytical,flex,formal,big,1.2967914559274576,2.011828313465346,2
10,8,5,6,3,4,2,3,2,2,2,money,analytical,small,formal,mid,-0.9188557744426045,1.157869213775684,2
9,8,5,5,3,4,2,2,2,2,2,growth,analytical,big,formal,mid,-1.5331210513329223,1.2452432919211915,0
9,8,7,9,3,4,2,4,3,4,2,growth,social,flex,formal,mid,2.0749283754194563,0.37022588431000464,1
10,9,5,6,3,4,2,2,2,2,2,money,analytical,flex,formal,big,-0.7910050938299713,1.4075429135039044,2
11,7,5,7,3,4,2,3,2,2,2,money,analytical,small,formal,mid,-0.7502840248811602,1.4799824722333503,2
7,8,5,7,3,3,2,3,2,2,2,money,analytical,flex,collab,flex,-1.1296026678536073,0.27460278190879933,0
10,7,7,9,3,4,4,5,2,3,2,money,social,small,collab,mid,1.7797825743635367,-0.18745027040973627,1
9,9,5,7,3,4,1,4,2,2,1,growth,analytical,big,formal,mid,-0.7588366290947444,-0.12592820992468892,2
9,8,7,7,3,4,3,3,2,3,2,money,analytical,small,collab,flex,0.5358429460787324,0.536617358964735,2
8,9,5,6,3,4,1,5,2,2,1,prestige,analytical,small,collab,mid,-0.9720043942297216,-0.661329667501582,2
6,6,5,5,3,3,3,3,1,1,1,money,social,small,result,flex,-3.468139331092783,-0.6496768924367248,0
7,8,6,5,3,4,2,5,2,1,1,money,creative,big,result,mid,-1.5473380008371331,-1.070773958757059,0
7,8,7,6,3,2,2,4,2,2,2,money,analytical,flex,collab,big,-0.4948247400738,-1.0091835808352665,2
9,9,8,7,3,4,2,5,3,4,3,money,analytical,solo,result,flex,2.6900556367090247,0.5141307722114733,1
10,8,6,7,3,4,3,2,3,2,4,freedom,social,flex,formal,big,0.8629372709442471,2.5204635138302147,2
13,9,8,9,3,4,3,5,2,3,3,prestige,strategic,flex,collab,flex,3.3764927369498308,0.8945888384977302,1
8,9,6,5,3,3,2,3,2,2,3,money,analytical,solo,collab,mid,-0.6373397548018898,0.7471974334607728,2
8,8,8,7,3,3,3,5,2,2,1,money,social,small,formal,flex,0.31122669445553897,-1.7729702618334109,2
9,9,5,8,3,4,1,4,1,3,2,freedom,creative,flex,collab,mid,-0.10435284599994649,0.7700056264870755,2
9,10,7,9,3,4,3,4,2,4,2,growth,social,solo,result,big,2.4748128960326,-0.21694502907345098,1
6,8,6,7,3,3,3,5,1,2,1,money,social,small,formal,flex,-1.092716603961165,-1.7772542975283956,0
9,10,8,7,2,4,3,3,3,4,2,money,strategic,flex,result,startup,2.423534403303173,-0.32905959782351885,1
8,7,5,6,3,3,1,2,3,2,1,growth,analytical,small,formal,mid,-1.9955654308852642,0.2732064643177647,0
9,8,6,7,3,4,5,4,2,3,1,money,social,solo,collab,big,0.761428837940404,-0.9327812016214639,2
10,8,5,5,3,4,2,4,1,2,2,growth,analytical,flex,formal,mid,-1.1995706637146082,0.7421623137223367,0
9,8,5,7,3,4,2,4,1,3,2,money,analytical,flex,agile,startup,-0.3480280774165165,0.7104527582654353,2
6,8,8,9,3,3,2,1,3,4,2,impact,creative,small,collab,startup,0.9172202291633271,0.25829686113835904,1
9,8,6,10,1,4,1,5,4,4,2,money,analytical,flex,formal,flex,2.4251724321850237,-0.3623409139354145,1
6,8,7,6,5,3,2,4,3,2,1,money,analytical,flex,formal,big,-0.49920312778697423,-0.5157023948707932,2
10,7,7,7,3,4,2,3,2,2,2,money,creative,flex,collab,mid,-0.21346293894795726,1.0255820796287636,2
9,9,6,9,3,3,2,5,2,4,1,growth,social,small,collab,mid,1.4504829034223818,-1.2258295813555602,1
9,8,8,7,3,3,4,2,3,2,2,growth,strategic,flex,formal,flex,0.8520442504008878,-0.041017989963570374,2
11,8,7,7,3,4,2,5,3,3,2,money,strategic,small,formal,startup,1.6332445081977296,0.31174214502025127,1
9,9,5,7,3,4,2,3,2,3,2,money,social,flex,formal,flex,-0.042882634983047965,1.0477910653760993,2
9,9,5,6,3,4,2,3,2,2,2,money,analytical,small,formal,flex,-0.8338353938026286,0.9119112538541724,2
6,8,3,5,3,2,2,3,1,2,1,money,analytical,small,formal,mid,-3.3714674794870705,-0.8489464351721072,0
11,10,9,7,3,3,2,4,3,2,2,impact,strategic,flex,collab,big,2.1675807424315052,-0.5443120594958798,1
10,9,5,7,3,4,2,3,2,2,3,prestige,social,big,formal,big,0.052448849234774275,1.6275679449405114,2
7,8,5,7,3,4,2,3,2,2,2,money,analytical,solo,formal,startup,-1.1518559169028355,0.6361486719876486,0
11,9,6,7,3,4,2,4,1,2,2,money,analytical,flex,formal,mid,0.03992650360503365,0.7085120777683541,2
6,9,7,7,2,3,3,4,2,2,1,growth,analytical,small,formal,big,-0.23776947830482026,-2.4010936997133787,2
12,9,8,9,4,4,5,4,3,4,3,money,analytical,small,collab,big,4.32252387608855,1.021715549750634,1
6,8,5,8,3,4,1,5,2,2,1,money,analytical,solo,result,startup,-1.0467477651555535,-0.7763720786801939,2
8,9,6,7,3,3,2,4,2,2,1,growth,analytical,small,collab,flex,-0.46072656503780823,-1.105412249837292,2
8,10,8,7,3,3,3,5,2,2,1,impact,analytical,small,formal,big,0.9945564198287018,-2.2809844353645663,2
8,9,5,6,3,4,2,4,1,2,2,money,analytical,small,formal,mid,-1.1560022229302644,0.29899541056920914,0
9,9,5,8,3,4,2,4,2,3,2,money,social,flex,result,flex,0.5550353488365298,0.6637492981660554,2
9,8,8,9,3,4,3,5,2,2,1,money,analytical,flex,result,flex,1.2476899243713269,-1.1027026269379314,2
6,8,5,5,3,3,2,3,2,2,1,money,analytical,small,collab,flex,-2.257927911128486,-0.6708916456047886,0
9,8,5,7,3,4,1,4,2,2,1,growth,analytical,flex,collab,flex,-0.9901559391405634,0.13749036458263528,2
8,9,8,10,3,3,4,4,3,4,1,impact,analytical,small,collab,big,2.914042180835955,-1.8872622731857536,1
7,8,5,5,3,4,2,2,2,2,2,money,strategic,small,collab,flex,-1.986324500457625,1.0922087490843526,0
7,8,5,5,3,3,5,5,1,1,1,money,social,solo,formal,flex,-1.6651867656229047,-1.9621438505958215,0
11,9,8,7,3,3,2,4,3,2,2,prestige,social,flex,collab,big,1.543004682287192,-0.2252687210634175,1
9,7,7,7,3,3,2,5,2,3,1,impact,analytical,flex,formal,startup,0.31524702466188925,-1.1383861056703606,2
6,7,5,5,4,4,1,3,2,2,2,money,creative,solo,formal,flex,-2.4285273233922733,1.4144960767589163,0
6,7,5,5,4,4,1,3,2,2,2,money,creative,solo,formal,flex,-2.4285273233922733,1.4144960767589163,0
9,9,4,6,3,3,1,4,1,3,2,money,social,small,formal,flex,-1.1770502864559274,0.5686710817757172,0
8,10,7,6,3,3,2,4,2,2,2,growth,analytical,big,formal,flex,0.2184590127052894,-0.6965747135298992,2
10,9,6,7,3,4,2,5,2,2,1,money,social,flex,collab,flex,0.2347871842362984,-0.49852942829893,2
6,8,4,6,3,4,2,2,2,2,1,money,analytical,small,collab,mid,-2.520629782600971,0.2669974255560286,0
9,9,5,7,3,4,1,4,2,3,2,growth,analytical,flex,collab,flex,0.0862970454047342,0.7758743810629746,2
10,9,8,7,3,3,3,5,2,2,2,impact,analytical,flex,formal,flex,1.4400134926773007,-0.9143547564670009,2
6,8,5,5,3,4,2,4,2,2,1,money,analytical,solo,collab,startup,-1.8758744579729631,-0.6534916175602645,0
8,8,4,5,3,4,1,2,3,2,1,freedom,analytical,solo,collab,flex,-2.221542609708282,0.8703446449050648,0
11,9,5,7,3,4,1,4,2,2,2,impact,strategic,small,formal,flex,-0.15988660650116682,1.0585634026143231,2
9,8,6,7,3,4,2,5,2,2,2,freedom,analytical,small,formal,flex,0.060857227267957906,0.07421379498570627,2
9,7,6,7,3,4,2,3,2,2,2,money,social,flex,collab,flex,-0.73281978294308,1.086080122455522,2
6,9,4,5,3,3,1,5,2,2,2,impact,social,small,formal,startup,-1.656704949083674,-0.6042988695404621,0
6,9,6,7,4,3,2,4,2,4,1,impact,strategic,flex,collab,flex,0.2318365834516941,-0.7815707176871415,2
10,9,5,7,3,4,1,4,2,3,1,growth,analytical,flex,formal,mid,-0.08124818786120264,0.1785474504201414,2
9,7,6,7,3,4,2,4,2,2,1,money,strategic,solo,formal,startup,-0.8107799420958226,-0.0993857831009071,2
9,8,2,5,2,3,1,1,2,3,4,prestige,analytical,small,collab,flex,-2.004540643663973,3.0284083736661143,0
6,6,6,6,3,3,2,3,3,1,1,freedom,analytical,solo,formal,flex,-2.2526402363493676,-0.6494776997531105,0
9,8,5,5,3,4,1,3,2,2,2,money,social,small,collab,flex,-1.652995983091107,1.2911134876797705,0
9,8,5,6,3,4,1,4,2,2,2,money,analytical,flex,formal,big,-0.946113120227488,0.865127982094674,2
6,10,6,7,3,2,2,5,3,2,1,growth,analytical,big,formal,flex,0.1675861215630271,-2.4484299485792698,2
11,10,6,10,5,4,2,3,3,4,2,money,analytical,small,result,flex,2.6391453840839096,1.980185345927193,1
11,10,8,7,3,2,3,4,2,3,2,money,analytical,solo,formal,flex,1.9198519010675121,-0.8416963018554163,1
10,9,7,7,3,2,4,4,2,1,2,impact,analytical,solo,formal,big,0.581240713420583,-1.2784419321540774,2
9,9,6,7,3,4,1,5,2,2,1,growth,analytical,small,collab,mid,-0.20756726392469826,-0.6749668895538268,2
9,8,6,6,3,4,2,5,2,1,2,money,analytical,flex,formal,startup,-0.5856860622083395,0.025532348778983506,2
9,9,6,9,3,4,3,3,2,2,1,money,analytical,small,collab,flex,0.23481422305131805,-0.22203412719786894,2
8,9,6,7,2,4,3,3,2,2,2,growth,analytical,small,collab,big,-0.062257510645260236,-0.3442354934737009,2
9,8,5,7,3,3,2,5,1,3,1,money,analytical,flex,collab,flex,-0.4989723258033684,-0.76539563711861,2
11,10,8,6,3,2,4,4,2,1,2,impact,analytical,solo,formal,big,1.0736932575419442,-1.4180361436202418,2
10,9,8,7,3,4,5,5,3,4,1,money,strategic,solo,collab,big,3.0567086991780785,-1.5442384061040728,1
9,8,6,7,3,4,2,4,2,3,2,impact,social,flex,collab,flex,0.3374414334001628,0.5363191761380275,2
13,7,8,8,3,3,2,5,4,4,2,money,analytical,small,formal,big,3.172010882687399,0.19267583065840724,1
9,10,7,7,3,2,2,5,2,2,2,freedom,strategic,solo,result,flex,0.8811327054497833,-1.2774654741150318,2
9,10,8,9,3,1,4,5,2,4,2,freedom,analytical,big,collab,flex,3.180925802247305,-2.320926749292509,1
8,9,6,7,4,2,2,5,2,2,1,prestige,analytical,solo,formal,mid,-0.22231908288766994,-1.5032572967738178,2
10,9,7,7,3,4,2,3,2,3,2,growth,social,small,formal,mid,0.7109982500025867,0.6648718588975405,2
9,10,5,9,4,3,1,4,2,4,3,freedom,creative,flex,result,flex,1.6574765983369368,1.468902374624869,1
9,7,7,8,4,3,2,5,3,2,2,money,creative,flex,result,flex,0.861374101963849,0.15978458208657398,2
10,8,4,7,3,4,1,2,2,2,2,impact,analytical,solo,formal,flex,-1.4682570574794274,1.9413599848148717,0
9,8,5,7,3,4,2,2,2,2,2,money,strategic,solo,formal,big,-1.0551748277075803,1.3811946311389978,0
12,9,8,7,3,4,3,5,3,2,3,growth,strategic,big,collab,mid,2.636406960335145,0.4766356651629054,1
7,9,4,6,3,4,1,2,2,2,2,money,strategic,big,formal,flex,-1.9836399683963795,1.3603369496581559,0
5,7,6,5,2,3,2,4,2,2,1,freedom,analytical,big,collab,flex,-2.046827129796596,-1.776437823960808,0
6,10,5,8,3,2,1,5,3,3,1,money,analytical,flex,collab,flex,0.33901815117938816,-1.8303221080280525,2
6,7,6,6,2,2,1,5,2,2,1,growth,analytical,flex,formal,mid,-1.6148977573096654,-2.2306085909882003,0
9,7,6,6,3,3,3,4,2,3,1,money,analytical,small,collab,mid,-0.3902244090546364,-0.7871994729893476,2
9,8,5,9,2,4,2,3,2,4,2,money,analytical,solo,formal,flex,0.6267993127914635,0.7657123786850383,2
8,9,5,7,3,4,3,2,3,2,2,money,social,flex,collab,flex,-0.2409931474433386,0.9129866790789909,2
11,10,6,9,3,4,2,3,3,4,2,growth,analytical,small,agile,big,2.43966680641866,0.8672685859190573,1
7,9,7,7,4,2,3,5,2,4,2,money,analytical,small,formal,big,1.4461974074747364,-1.2087491524958793,1
8,8,8,9,3,4,1,5,2,4,2,money,social,solo,formal,flex,1.6416953241867716,0.04898534750978623,1
6,8,7,7,3,2,2,4,2,2,1,growth,strategic,flex,collab,startup,-0.7141788747114084,-1.9604262796812695,2
12,9,7,6,3,4,3,3,2,2,3,money,analytical,small,collab,mid,0.9480792273626539,1.4876723016350109,2
5,8,5,7,3,3,2,5,2,2,1,money,analytical,small,agile,mid,-1.3027173378420678,-1.654654501818266,0
6,8,6,6,3,3,2,5,2,2,1,money,analytical,small,formal,mid,-1.138600768892512,-1.6426438151459037,0
10,9,8,8,3,3,3,5,3,3,3,growth,strategic,small,collab,flex,2.891424004672319,-0.1842597395771253,1
9,8,6,6,2,4,1,4,2,1,2,growth,analytical,small,collab,mid,-1.1975384316628666,0.03834833403328312,0
9,9,9,7,3,2,4,5,3,3,2,money,strategic,flex,collab,big,2.7448155337475777,-1.9048117998612037,1
7,9,8,7,3,4,3,4,3,3,2,money,social,flex,collab,mid,1.5448168828951223,-0.5198251724784378,1
13,10,8,7,3,3,3,3,3,3,3,money,analytical,flex,agile,startup,2.970706097466096,0.9811067573413078,1
7,9,6,5,3,2,2,3,2,1,1,money,analytical,flex,formal,big,-1.9032978221917987,-1.3794733829863461,0
9,9,8,7,3,4,2,5,3,3,3,impact,creative,small,collab,flex,2.2057593131917907,0.341820382588784,1
12,10,9,7,3,3,3,4,3,3,2,money,analytical,solo,formal,big,2.947190547734393,-0.4830981777791146,1
6,8,5,3,3,4,1,3,2,1,1,money,strategic,solo,formal,startup,-3.461838291809379,-0.06334143736870337,0
9,8,5,6,4,3,2,3,1,3,1,money,analytical,small,formal,mid,-1.4191326663112978,0.33347182345130283,0
4,7,6,6,3,4,2,4,2,2,1,money,analytical,flex,collab,flex,-1.8963129616894687,-0.8971288311197451,0
8,8,7,7,3,4,2,4,3,2,2,money,social,small,collab,flex,0.29889102966790504,0.16153544900713748,2
11,10,7,8,3,3,2,4,2,2,3,money,social,small,formal,mid,1.4719567322744682,0.6014626589276787,1
10,10,8,7,3,3,2,4,2,3,2,impact,analytical,big,formal,flex,1.6082115464808955,-0.4406146869575856,1
7,8,7,3,2,4,2,4,3,2,2,freedom,social,flex,collab,flex,-0.8367024442584314,-0.4927614221646531,0
9,7,5,7,2,3,2,2,3,4,3,impact,analytical,small,collab,flex,0.3073833063318815,1.3835769285595254,1
6,7,5,3,2,4,2,3,2,2,2,money,social,flex,formal,mid,-2.6711357126778825,0.21032513186960444,0
10,8,7,8,2,3,3,4,3,4,1,money,strategic,small,result,flex,1.7955362834375992,-1.20852688264727,1
6,10,8,4,4,2,2,5,4,1,1,growth,creative,solo,formal,big,-0.03682702736398513,-2.4610150809629965,2
6,10,8,9,2,4,2,5,3,3,1,growth,analytical,small,collab,flex,1.8181950155549298,-2.2367653843821365,1
8,9,7,7,2,4,2,4,3,2,2,money,analytical,flex,collab,flex,0.682018891063491,-0.4045972753921367,2
9,9,5,7,4,3,2,4,2,2,2,money,social,big,formal,flex,-0.2853458367155625,0.5295609659240641,2
9,10,8,7,3,3,3,3,3,2,2,money,analytical,flex,formal,big,1.4257106649477147,-0.5036467396083235,1
10,10,3,7,1,2,2,3,1,2,2,money,analytical,small,result,big,-1.198345760216075,-0.6724367958507228,0
8,9,6,7,5,4,2,4,4,1,2,money,analytical,flex,formal,flex,0.38023832378169314,1.0666213671843425,2
7,8,5,7,3,3,2,3,2,2,2,money,analytical,small,formal,flex,-1.2499207520673734,0.2428762453423233,0
7,8,8,6,3,4,5,5,4,2,2,money,analytical,solo,agile,big,1.8280133140411339,-1.370773089085945,1
7,9,6,8,4,4,2,2,2,3,1,growth,analytical,solo,formal,flex,-0.41085977345165403,0.5046438145476869,2
9,8,8,7,2,4,3,5,2,3,2,growth,analytical,flex,formal,flex,1.4963782634193605,-0.8674957978137484,1
9,8,5,7,2,2,2,3,2,2,4,freedom,creative,flex,collab,flex,-0.16661771276158782,1.088936073668484,2
9,9,5,5,3,4,2,3,2,2,2,prestige,analytical,small,collab,flex,-1.039353767385279,0.8150688299769718,0
6,8,4,6,3,4,1,1,1,3,2,money,analytical,small,collab,flex,-2.722951272856715,1.7508735396975723,0
11,8,5,5,5,4,2,3,2,2,2,money,analytical,small,formal,flex,-0.9730554870392654,2.3144907581355643,2
8,8,6,7,3,3,2,5,2,2,1,money,social,flex,formal,big,-0.4181953538594641,-1.2561512358844666,2
7,9,8,7,4,4,3,4,3,2,2,money,analytical,small,collab,big,1.0859792079964832,-0.22972945459387967,2
10,8,5,8,3,3,2,3,2,4,1,growth,creative,small,collab,flex,0.23159446374288395,0.09028286432798147,2
10,8,6,7,3,4,2,4,2,3,3,money,analytical,solo,formal,flex,0.7407121449350835,1.4976975905462655,2
9,8,5,7,3,3,2,2,2,2,2,money,analytical,small,formal,flex,-1.176876060334858,0.9678795079392092,0
7,8,7,4,3,2,2,3,2,2,2,growth,strategic,solo,formal,mid,-1.411003076514212,-0.6867971223074546,0
10,6,5,5,3,3,1,3,2,2,3,money,strategic,flex,formal,mid,-1.6327644981091147,2.0133408737005434,0
9,9,5,5,3,4,2,3,2,2,2,money,analytical,small,formal,mid,-1.0874275240040485,0.8357559553180177,0
11,9,5,7,5,4,2,3,2,2,2,money,social,small,collab,flex,-0.17817712863312551,2.1704662339435257,2
9,8,7,7,2,4,3,3,2,2,2,money,analytical,small,formal,big,0.06901274625502625,-0.07235488265581205,2
6,8,6,6,3,4,2,4,2,2,1,money,analytical,flex,collab,startup,-1.231865162723048,-0.7899507888131941,0
10,8,7,8,2,4,3,2,2,2,2,money,analytical,small,formal,big,0.22842214184493487,0.48013703950113146,2
7,8,8,5,3,3,4,4,3,2,2,growth,analytical,solo,result,big,0.5645035787334298,-1.318275993606029,2
9,10,8,10,4,3,2,3,3,4,2,growth,analytical,flex,collab,big,2.994925163042613,0.21235840677093962,1
6,7,4,4,2,4,1,3,2,2,2,money,analytical,solo,collab,flex,-2.9990799095695877,0.6287311083423465,0
9,9,7,8,5,4,2,2,2,3,2,money,analytical,flex,formal,flex,0.6279685814359399,1.9864903307894097,2
14,9,6,8,3,4,1,5,2,2,4,freedom,analytical,solo,collab,flex,1.925665815865803,2.4785162883899985,1
6,8,5,7,3,3,2,5,2,1,1,money,strategic,flex,formal,flex,-1.5711516933454865,-1.3881657612206195,0
6,8,5,5,1,4,3,3,2,1,2,impact,analytical,flex,collab,flex,-1.9972149765052774,-0.7482943061440348,0
6,8,6,4,1,3,3,4,2,2,1,money,social,small,collab,mid,-1.7357746036535509,-2.421929131898792,0
6,7,5,3,5,4,2,4,2,1,2,money,social,small,formal,mid,-2.8865594531134153,1.0816530963961108,0
12,9,5,6,3,4,2,5,1,2,2,money,strategic,solo,agile,mid,-0.08863902878387463,0.666320996548587,2
6,9,6,7,3,3,2,5,3,4,2,money,analytical,flex,collab,flex,1.2237777196651705,-0.8405661222208503,1
5,8,5,7,2,3,2,2,2,2,2,money,analytical,big,formal,flex,-1.8471478879486767,-0.19748381458517206,0
11,8,6,7,2,4,2,4,2,2,2,money,analytical,flex,formal,flex,0.17101192195322623,0.46147932688505594,2
13,9,8,8,4,4,5,4,3,3,4,money,analytical,flex,formal,flex,4.097510265610932,2.017448494641539,1
11,8,5,5,2,3,4,3,1,2,3,growth,social,solo,formal,flex,-0.6328012103571476,0.6717985053077254,0
9,8,5,5,3,2,2,2,2,3,2,growth,analytical,solo,collab,flex,-1.189878067590029,0.4676006710166805,0
14,10,7,7,4,4,2,5,3,3,3,money,analytical,small,formal,flex,3.036696558334968,1.7835893948510637,1
8,8,6,7,3,4,2,5,3,2,2,growth,analytical,solo,formal,big,0.409364050240759,-0.22777258616291068,2
7,8,6,7,3,4,2,5,3,2,2,money,analytical,flex,formal,big,0.2583848949913257,-0.2744577631295191,2
10,8,7,9,3,3,2,5,2,2,2,impact,strategic,flex,result,mid,1.1809826331216347,-0.4152962483341374,2
8,8,3,10,2,4,1,2,1,4,3,growth,social,flex,agile,flex,-0.42121365314116843,2.20698282158071,0
9,8,8,7,3,4,2,5,3,2,2,money,analytical,flex,collab,flex,1.1954159937453093,-0.17201782562701218,2
6,6,5,7,2,4,2,2,2,2,2,money,strategic,solo,formal,flex,-2.2189002740512533,0.7986655740775875,0
9,8,5,7,3,2,1,4,2,2,2,growth,social,small,collab,flex,-0.8898594811845584,-0.11533637059348742,0
9,10,5,8,2,4,2,2,2,3,2,growth,analytical,flex,result,big,0.38307485176799055,0.5940173058783905,2
13,8,8,8,3,4,3,4,2,3,3,prestige,analytical,small,agile,big,2.5433551881332184,1.2421110356708,1
7,9,8,10,3,3,2,5,2,4,2,growth,analytical,flex,formal,flex,2.384780185845349,-1.062568996018595,1
9,9,5,6,3,4,2,3,2,3,2,growth,analytical,small,collab,flex,-0.2843370070787063,0.8609130285652852,2
6,8,4,5,3,4,1,3,2,2,2,money,analytical,solo,collab,flex,-2.437645176941766,0.9402959634698645,0
6,8,5,4,3,3,2,3,2,1,1,money,social,flex,agile,flex,-2.918214361182214,-0.6614496916190767,0
8,8,8,6,4,3,3,4,2,2,2,money,analytical,small,formal,flex,0.1511455673316468,-0.24371732825023168,2
9,9,6,6,3,3,2,3,2,1,2,money,analytical,flex,collab,big,-0.8749248938628054,0.1369546992060483,2
6,8,6,9,3,4,2,4,2,2,1,impact,analytical,small,collab,big,-0.4661608217201884,-0.9387216400521827,2
2,10,6,9,3,3,2,4,2,4,1,money,analytical,flex,formal,flex,0.2340323262649141,-1.9905089647684289,2
9,8,7,5,3,3,2,5,2,2,1,money,analytical,flex,result,big,-0.3778801373734823,-1.2785418518528588,2
12,8,6,7,3,3,4,4,2,2,2,money,analytical,flex,formal,big,0.9184290742901358,0.04160989300026057,2
7,9,4,5,3,3,2,2,1,2,2,impact,creative,small,formal,flex,-2.5063680740383125,0.5732140256088745,0
9,7,7,5,3,4,2,5,1,2,2,money,analytical,big,formal,big,-0.789020351881982,0.010218031518406355,2
9,9,8,7,3,4,3,5,3,3,2,prestige,strategic,flex,collab,big,2.299847812966186,-0.6410312502510314,1
9,8,5,7,5,3,2,3,2,2,2,money,analytical,flex,collab,flex,-0.7291151383516499,1.533742642846768,2
6,9,5,5,3,3,2,3,1,1,1,growth,analytical,small,collab,flex,-2.8475174837470845,-0.971978922686277,0
7,7,6,7,4,3,3,3,2,2,2,growth,analytical,small,collab,mid,-0.8415862323209622,0.24582663092035648,2
9,8,7,7,3,2,3,5,2,2,1,growth,social,small,collab,flex,0.2130563400183666,-2.017678244729079,2
7,9,4,5,3,4,2,3,2,2,1,money,social,small,formal,flex,-2.126802785901586,0.02690798723503348,0
9,9,7,8,3,4,2,4,3,3,2,prestige,analytical,big,collab,mid,1.6360873145190795,0.08174861034406503,1
8,7,4,3,3,3,2,3,2,1,2,money,analytical,flex,formal,flex,-3.091327629611957,0.7042739240315535,0
9,8,7,7,3,4,2,5,2,2,2,freedom,analytical,small,formal,flex,0.364848211227262,-0.0923980220188764,2
7,9,5,8,3,3,2,5,1,3,1,impact,analytical,small,collab,startup,-0.3368571413262016,-1.500633176346817,2
6,7,5,7,3,4,2,3,2,3,1,money,strategic,small,collab,mid,-1.4700790382724687,-0.0317360505886484,0
8,9,8,7,3,4,4,5,1,2,1,growth,social,small,collab,startup,0.5749737675644069,-1.892682742067417,2
9,8,5,7,3,3,2,3,2,2,3,prestige,strategic,solo,result,mid,-0.4576611892630844,1.199035805531791,2
11,10,8,9,3,4,3,4,3,3,2,growth,social,flex,collab,flex,3.0997827082412885,0.011370509868581707,1
8,8,5,5,3,4,2,3,2,2,2,money,creative,solo,formal,mid,-1.5373632875225394,0.8506259375155912,0
10,8,8,8,3,3,3,5,3,3,2,growth,social,small,collab,big,2.306903065930238,-0.8731482777128139,1
7,10,6,9,3,4,1,5,2,3,2,money,analytical,small,agile,flex,1.0074244930686982,-0.1951822492894149,2
13,10,5,7,3,3,1,3,2,2,3,money,social,flex,collab,flex,0.5114246095669873,2.00186477040905,2
11,9,8,6,3,4,4,4,2,1,2,impact,analytical,flex,collab,big,1.001029897518004,-0.328191472659413,2
8,9,5,7,3,4,2,3,2,2,1,money,analytical,solo,collab,flex,-1.03082901000618,0.026585180039308286,0
10,8,7,7,3,4,2,3,3,2,2,prestige,strategic,flex,agile,mid,0.5679318024439366,0.8119745155801696,2
11,10,8,9,3,4,4,5,2,4,2,growth,analytical,small,agile,startup,3.691975057934395,-0.6741545959649542,1
9,10,9,9,2,4,5,4,3,3,2,money,creative,small,collab,big,3.507747907840327,-1.4863109096372014,1
9,8,6,6,3,4,2,5,2,3,3,impact,creative,solo,collab,mid,0.6468003969778486,0.7782851897132006,2
6,9,5,8,3,4,2,2,3,2,2,growth,strategic,flex,collab,flex,-0.517336922137152,0.7172850583807708,2
7,9,5,8,3,4,1,4,1,3,1,impact,analytical,small,agile,flex,-0.8493711385878198,-0.30990776024570615,2
7,8,5,5,3,2,3,1,2,1,1,money,strategic,small,formal,big,-2.8724276030699194,-0.5756348160519632,0
6,9,6,7,3,4,2,5,2,2,1,growth,creative,flex,collab,flex,-0.40612000559520967,-1.2909233079711446,2
6,8,4,3,5,4,2,3,1,1,2,money,social,solo,formal,big,-3.5767647298061487,1.4814632532272956,0
9,8,5,5,3,4,2,2,2,1,2,money,creative,small,collab,flex,-2.114769549750065,1.3667988369155,0
9,10,8,7,5,4,2,4,3,2,2,growth,social,flex,agile,mid,1.5495985632649758,0.6775461768230188,2
2,6,2,0,1,1,5,1,1,1,1,growth,strategic,flex,result,flex,-6.411689812178713,-2.4649932091721105,0
7,9,5,5,2,4,2,3,3,1,1,money,creative,flex,formal,mid,-1.7503425354338533,-0.6918401193351619,0
8,8,5,4,2,3,4,2,2,1,2,money,social,flex,formal,flex,-2.052382351791464,-0.14570017428606497,0
8,10,7,6,4,4,3,3,3,2,3,prestige,strategic,flex,formal,big,1.1076754712911654,1.0778758441672796,2
7,8,5,6,4,1,2,3,2,2,1,growth,analytical,solo,collab,flex,-1.8270481544809571,-1.0516737239084146,0
9,9,7,6,5,4,2,3,3,2,2,impact,social,small,formal,mid,0.2676548207031915,1.323154954746022,2
11,10,7,7,4,2,2,4,3,2,2,prestige,analytical,flex,collab,big,1.524982216989394,-0.2326106991431136,2
12,10,7,7,4,4,2,5,2,3,4,money,strategic,flex,formal,flex,2.66020987766763,2.2416704149133233,1
9,9,7,6,4,4,2,5,3,2,2,prestige,analytical,small,collab,mid,0.8734311544159903,0.10143458752525725,2
5,8,3,6,3,4,2,1,2,2,2,money,social,flex,formal,flex,-2.945703349891827,1.5105023763041026,0
9,10,6,8,4,4,2,5,2,2,2,money,strategic,small,collab,flex,0.8926893612836952,0.3172899036156465,2
12,9,5,5,3,3,2,3,2,1,2,money,social,flex,collab,mid,-0.992276175262337,0.8723043689475234,2
7,8,7,8,2,4,2,4,3,2,2,money,analytical,flex,formal,mid,0.47603489447698993,-0.4870645278235856,2
6,8,6,7,2,4,2,3,3,2,1,growth,analytical,flex,collab,flex,-0.818760283373843,-0.8819746054670404,0
12,8,5,5,4,4,1,2,2,2,3,money,strategic,flex,result,flex,-0.901474246615809,3.4336908827514225,2
6,10,6,7,4,4,2,3,2,3,2,money,strategic,flex,formal,flex,0.060062825149363716,0.679749005635563,2
6,8,5,5,3,4,2,3,3,2,1,money,strategic,solo,result,flex,-1.7338581593896274,-0.15558734917864261,0
9,7,7,7,2,4,3,4,2,2,2,prestige,analytical,big,formal,flex,0.1174524783130048,-0.285783147049824,2
9,8,7,5,2,4,2,4,2,2,1,money,analytical,small,collab,mid,-0.791738098764208,-0.9179451166942357,2
8,8,5,6,2,4,2,5,2,3,2,money,social,flex,collab,flex,-0.18604512154848124,-0.20873557903608736,2
11,8,4,5,3,4,2,2,2,2,2,money,social,small,agile,flex,-1.5895018856094212,1.9568674012403702,0
10,9,5,7,3,3,2,4,1,2,2,money,analytical,flex,agile,big,-0.39267195199203303,0.19591226793994676,2
8,8,5,6,3,4,1,2,3,3,2,prestige,analytical,solo,formal,mid,-0.8706839691637234,1.4249669228352444,0
9,7,4,5,2,4,1,3,2,2,2,money,analytical,solo,formal,flex,-2.2274602512073605,1.173133055979598,0
8,8,6,7,3,4,2,3,3,3,3,money,social,big,collab,flex,0.5780600499658746,1.4758003199331144,2
9,8,10,8,2,4,4,5,3,4,2,money,strategic,small,collab,big,3.496929638550227,-1.4269194079438101,1
10,9,8,6,4,3,3,4,3,2,2,growth,strategic,solo,result,big,1.391174711304132,-0.21584540222842924,2
8,7,8,8,4,4,2,5,3,4,2,impact,creative,small,collab,flex,1.9087464160188718,0.266293330309004,1
8,8,6,6,2,4,2,2,3,2,2,money,creative,flex,formal,big,-0.7146350840656732,0.5923284114780292,0
9,8,6,8,4,4,2,3,3,3,2,growth,strategic,solo,agile,big,0.832537696559785,1.2456879828298555,2
9,9,5,5,4,3,1,3,2,2,2,prestige,creative,small,formal,flex,-1.3782501205148645,1.0813366172825845,0
7,9,7,6,2,3,3,4,2,2,2,money,analytical,solo,formal,big,-0.026824716717989153,-1.3900784002297628,2
9,10,5,7,4,4,2,3,2,2,2,money,social,big,formal,mid,-0.23411181892843697,1.1532903936206749,2
9,9,5,7,3,3,2,1,2,2,2,growth,analytical,solo,collab,big,-1.0364619858746502,0.9969201855729172,0
11,9,8,9,3,3,3,3,3,4,3,money,analytical,flex,collab,big,3.3412060823806726,0.8277472693363427,1
6,8,5,7,2,3,3,3,2,2,1,money,strategic,solo,agile,flex,-1.4396536683149064,-1.2966017071753873,0
10,8,3,6,5,4,1,1,2,2,4,money,social,small,collab,flex,-1.6850240502258491,4.895595870884254,0
9,7,5,5,2,4,1,5,2,2,2,money,strategic,solo,collab,big,-1.270455743637708,0.15970849145484262,0
10,8,5,5,1,4,2,4,2,2,2,money,social,solo,result,flex,-0.9275967776511282,-0.027896396378133327,0
9,8,9,8,3,3,2,5,3,2,2,impact,analytical,big,formal,big,1.7555399200319624,-1.0488652707264279,1
8,8,5,5,3,4,2,3,2,2,2,money,social,big,formal,flex,-1.5250600576743267,0.8847009568165924,0
9,8,7,5,2,4,2,3,3,3,3,money,strategic,solo,collab,mid,0.5091657218045385,0.9976719745693504,2
6,8,5,7,4,4,2,2,2,2,2,growth,social,small,collab,big,-1.546907098052098,1.1590347405462038,0
9,10,6,7,3,4,2,5,2,4,3,prestige,social,solo,collab,flex,1.8897646020685508,0.6449315811376009,1
10,8,6,7,4,4,2,5,3,4,3,freedom,creative,flex,agile,flex,2.106796821228515,1.609402388429279,1
8,8,8,6,2,4,2,4,2,4,2,impact,social,flex,collab,mid,0.964674775188977,-0.4351946512422588,1
7,8,5,8,4,4,2,4,1,2,1,growth,analytical,flex,collab,mid,-1.2184772290142765,-0.05546148495941753,2
9,7,2,5,4,3,1,1,2,2,3,impact,analytical,solo,formal,mid,-3.0308846328392507,3.247170173477463,0
9,9,8,7,1,4,3,5,2,2,2,prestige,analytical,small,formal,big,1.2246314405208487,-1.6673465024685388,2
9,8,5,5,4,4,3,3,2,2,3,money,social,flex,formal,flex,-0.7005499801726309,2.0547872328573016,2
6,10,6,7,1,4,1,4,2,2,1,impact,creative,solo,agile,big,-0.731362372823422,-1.8489426508823106,0
8,8,6,7,4,4,3,3,2,3,2,growth,creative,flex,result,big,0.27823816403780777,0.8591706074090504,2
9,9,7,5,5,4,2,3,4,2,2,impact,creative,small,agile,flex,0.5094819420496177,1.3831172617948748,2
9,9,5,7,4,4,2,4,2,2,2,money,creative,small,collab,flex,-0.24738895359852492,0.9961080220335344,2
7,8,4,6,3,4,1,2,2,2,2,money,social,small,formal,mid,-2.350649972470198,1.431071283954139,0
13,8,8,8,4,4,2,4,3,3,3,impact,analytical,flex,formal,mid,2.734565813421305,1.9917731470346454,1
9,6,8,3,4,4,3,5,3,2,4,freedom,social,small,collab,big,0.4942228306183845,1.5538031973256683,2
6,8,8,3,1,3,3,3,3,3,2,impact,analytical,solo,agile,mid,-0.3181590047303428,-1.686102398596856,0
13,9,8,9,5,4,5,5,4,3,4,prestige,analytical,small,agile,big,5.15638582889026,1.8492011920546545,1
7,8,8,9,3,4,3,3,2,3,2,growth,analytical,solo,collab,big,1.1333281012423977,-0.15770356490027743,2
7,8,5,7,4,4,2,4,1,1,1,money,strategic,solo,formal,flex,-2.119854376690618,0.06825317892293567,0
6,8,5,6,3,4,2,3,1,2,1,impact,analytical,flex,formal,startup,-2.2492253848798964,-0.31302166728003983,0
13,9,7,9,4,4,2,3,2,4,4,freedom,analytical,small,agile,flex,2.9940168382433097,3.232871789387237,1
6,8,6,5,3,3,3,3,1,2,2,impact,social,flex,formal,flex,-1.7320516208963783,-0.3586267194928369,0
9,8,7,7,4,4,2,3,2,2,3,prestige,strategic,flex,collab,flex,0.26476641367215203,1.882040302222882,2
9,10,5,9,4,4,2,5,1,3,2,prestige,creative,flex,collab,flex,0.9974056333641312,0.5321496259907864,2
9,9,6,7,4,4,2,3,2,3,2,money,creative,small,collab,flex,0.2457006811923979,1.2728036392637707,2
9,9,6,7,4,4,2,3,2,3,2,money,creative,small,collab,flex,0.2457006811923979,1.2728036392637707,2
9,8,5,3,5,4,2,4,2,2,4,money,social,small,formal,flex,-0.9573062807973467,3.0342773315964773,2
8,7,8,7,4,4,3,5,1,2,2,growth,social,big,collab,big,0.1955749779489267,-0.21266877203056328,2
8,8,5,7,4,4,2,3,2,2,2,money,social,small,collab,startup,-0.9776922419035858,1.24080008759197,2
7,8,6,7,4,4,2,4,2,2,2,growth,social,flex,collab,flex,-0.46171164780776747,0.5708059225901732,2
8,8,4,6,4,4,1,4,1,2,2,impact,analytical,small,collab,flex,-1.9269532025834304,1.26412682227899,0
11,8,5,7,4,4,1,3,4,2,4,growth,strategic,flex,collab,flex,0.9675190379960148,3.472347761677193,2
9,9,6,5,4,4,1,4,4,2,2,money,social,solo,collab,flex,0.1257625010171805,1.0571731895178826,2
9,6,5,5,3,4,1,3,2,2,2,money,social,flex,collab,flex,-2.1111420918584085,1.6324790541343184,0
13,10,10,10,5,4,4,5,4,4,3,impact,analytical,flex,collab,flex,6.19670116771553,1.085260688666107,1
6,8,5,5,5,3,1,3,2,2,1,money,social,small,collab,flex,-2.5227383228420828,0.49353150190429323,0
10,8,8,7,5,4,3,4,4,2,1,growth,analytical,solo,collab,mid,1.4972808918695752,0.11998006697555616,2
11,10,9,9,5,3,3,5,2,3,3,money,analytical,solo,result,flex,3.507743042288175,0.703607889153174,1
10,8,6,4,4,3,2,4,2,2,3,money,social,flex,collab,startup,-0.45638467865332066,1.3406533027323275,2
8,9,5,5,1,3,2,3,1,1,2,impact,strategic,small,collab,flex,-2.2152105506918276,-0.783694610128473,0
9,8,6,7,3,2,1,4,2,2,3,money,social,small,collab,mid,-0.29363926996343714,0.4601750220096017,2
11,8,7,7,4,4,3,5,2,2,2,growth,analytical,big,formal,flex,1.0938030225902224,0.4283456517820147,2
9,9,5,7,4,4,2,4,2,2,2,prestige,social,solo,collab,flex,-0.22602814336041283,0.9366012430995689,2
9,10,8,7,4,4,3,5,2,2,2,growth,social,solo,formal,mid,1.5140277303666037,-0.40209647980222923,2
6,8,3,5,3,4,1,3,1,2,1,money,analytical,small,collab,flex,-3.525473100079039,0.37980871656058973,0
6,10,7,6,1,3,3,4,2,2,1,prestige,creative,solo,agile,big,-0.20968294914350194,-2.94217057998305,2
6,10,7,6,1,3,3,4,2,2,1,prestige,creative,solo,agile,big,-0.20968294914350194,-2.94217057998305,2
11,10,8,7,1,3,3,4,2,2,4,money,creative,small,agile,mid,2.144963620746403,0.0003672922029010692,1
11,10,8,7,1,3,3,4,2,2,4,money,creative,small,agile,mid,2.144963620746403,0.0003672922029010692,1
6,8,6,4,3,3,3,2,2,2,2,money,analytical,small,formal,big,-1.8765409297896551,-0.07217671022330288,0
9,8,6,7,4,4,2,4,2,3,2,growth,analytical,small,collab,flex,0.31542479946050495,0.9209811378904673,2
8,10,6,7,4,4,2,5,1,2,1,growth,analytical,flex,collab,startup,-0.14591080617673366,-0.7387797097378623,2
10,9,8,7,5,2,3,4,4,3,3,impact,analytical,small,collab,flex,2.7671599589694402,0.5956763741617649,1
9,9,8,7,3,4,2,4,3,3,2,growth,analytical,small,agile,flex,1.6401319884941166,-0.01182352693507703,1
10,10,9,6,1,4,5,5,4,1,3,money,analytical,small,formal,big,2.9593255758742876,-1.5818457759484488,1
8,8,6,7,1,2,1,4,3,3,1,growth,analytical,solo,collab,flex,-0.1694717792776091,-2.0208865361641193,2
9,8,6,6,2,3,1,4,2,1,2,prestige,creative,flex,formal,mid,-1.2139612646766196,-0.3147669147656312,0
9,8,5,7,3,3,2,3,1,2,2,growth,analytical,small,collab,mid,-1.2441151166994247,0.4110958357293832,0
7,7,6,5,4,4,1,4,3,1,2,impact,social,solo,collab,flex,-1.6545795608322162,0.8473881055335742,0
8,8,6,7,4,4,2,3,2,2,2,impact,social,small,collab,flex,-0.667930417657548,1.0748175089262095,2
8,8,5,6,4,4,2,2,2,2,3,money,analytical,small,collab,flex,-1.1920887041401755,2.411507609492218,0
7,9,6,7,4,4,1,5,2,2,2,money,creative,flex,collab,flex,-0.194678585598425,0.3932726019724559,2
9,9,5,5,1,3,2,4,1,1,2,money,analytical,solo,formal,startup,-1.7703470952237783,-0.9734675898941467,0
11,9,8,9,5,3,2,5,3,4,3,money,strategic,flex,collab,big,3.6823239734987285,1.2531809093325785,1
9,10,5,4,1,3,3,3,1,2,2,money,creative,small,agile,big,-1.2531756438719388,-0.9315632946792479,0
14,10,9,10,1,4,5,5,4,4,4,freedom,analytical,flex,collab,flex,6.576910435182011,0.11340227397120248,1
8,8,5,6,4,4,2,2,2,2,2,money,social,small,formal,mid,-1.5766728802616288,1.6556278345296507,0
6,8,6,7,3,2,1,4,2,2,1,growth,social,solo,collab,flex,-1.4335884468136182,-1.4998076568820955,0
10,9,6,7,4,4,2,4,2,3,3,money,social,flex,collab,startup,1.1352800735871014,1.7362088491145107,2
7,9,7,6,4,4,2,4,3,2,2,growth,social,small,collab,flex,0.19964584295483917,0.1946449881825316,2
7,7,5,9,4,4,2,2,2,4,3,money,analytical,solo,result,flex,0.13199279964867483,2.554175900713664,2
9,9,8,7,2,3,3,4,3,2,2,impact,creative,small,result,big,1.3960842510406537,-1.3237991702104284,1
5,10,7,7,1,3,2,5,2,2,1,growth,analytical,small,formal,flex,-0.20573654837394428,-3.208443933195186,2
8,10,6,6,3,4,1,5,2,2,1,money,analytical,small,formal,mid,-0.45255013138746064,-0.8786468870885881,2
7,8,8,3,5,4,2,3,3,3,3,prestige,creative,small,agile,big,0.06353743309335291,1.7187698868678292,2
9,8,7,7,3,4,3,5,2,2,2,money,analytical,flex,formal,flex,0.6934276675675299,-0.21353281713436068,2
8,8,6,7,4,4,2,4,2,3,2,impact,creative,flex,collab,flex,0.20621186508398437,0.8224077917687632,2
6,8,5,5,4,4,1,3,2,2,2,impact,strategic,solo,collab,startup,-2.0415510135036454,1.0651675870660897,0
9,8,5,7,5,4,1,4,2,3,2,freedom,social,small,collab,mid,-0.27874462411343254,1.7558034266711113,2
6,8,6,5,3,4,5,5,2,3,1,money,social,small,collab,mid,-0.08177130810485031,-1.827654561167983,2
11,9,8,9,3,4,3,5,2,3,2,growth,analytical,big,formal,mid,2.6650323754583645,-0.3413223868228696,1
6,7,7,6,4,4,3,4,2,2,2,impact,social,small,collab,flex,-0.706949404671066,0.08824050977927472,2
2,8,4,4,3,4,3,1,2,1,1,money,social,solo,formal,flex,-4.314046377555091,-0.23429178827511424,0
9,9,6,7,3,3,3,4,2,2,1,money,analytical,small,collab,mid,-0.04877779111919686,-1.143567886868313,2
7,8,4,5,4,4,1,3,1,2,2,money,social,small,result,flex,-2.7109848454919976,1.5836502333688256,0
10,10,5,6,3,4,1,4,2,2,1,money,analytical,small,formal,big,-0.6379898083016791,-0.018114868109676253,2
12,9,8,7,5,3,3,5,2,2,1,money,analytical,flex,agile,big,1.5839080599484607,-0.38712319366530384,2
9,9,5,7,3,3,3,3,2,3,1,money,creative,big,formal,mid,-0.13992219880406,-0.5054320347690121,2
9,8,6,7,3,4,1,5,2,2,2,money,social,small,collab,mid,-0.23997581719382072,0.3027638496117318,2
8,9,5,8,3,2,2,4,1,3,2,freedom,social,flex,collab,flex,-0.14819064901935236,-0.5094136525304152,2
9,10,7,6,3,3,1,4,3,1,1,impact,strategic,flex,result,big,-0.11344861578660226,-1.0993214696161917,2
11,8,8,7,3,3,3,3,3,2,3,money,creative,solo,agile,flex,1.4702455017487308,0.9455509969448551,1
13,9,5,5,4,4,1,4,2,1,2,prestige,analytical,flex,collab,flex,-0.6708946131073559,1.8138072817456545,2
13,7,5,6,3,4,3,3,2,2,3,money,social,big,formal,big,0.012655950365944135,2.2779328285247726,2
10,9,8,6,3,4,2,4,3,2,2,money,strategic,flex,result,flex,1.1195540569395772,0.2680681557969526,2
7,8,7,5,3,3,2,4,2,1,1,money,analytical,big,collab,flex,-1.5950060374573347,-1.2849543779120003,0
9,9,7,7,3,4,2,5,3,2,2,money,strategic,flex,collab,mid,1.1769692811790948,-0.19623307313494343,2
9,9,5,5,3,4,2,4,2,1,3,money,analytical,small,collab,flex,-0.9304642867079798,1.1643408837240743,2
8,9,6,5,3,3,2,3,2,2,2,money,analytical,small,formal,big,-0.9655537228348618,-0.003956325282552436,0
8,7,5,6,5,4,1,5,2,2,2,money,analytical,solo,collab,flex,-1.1751343327988404,1.4286270366612723,2
6,9,5,5,2,2,2,3,2,1,1,growth,analytical,flex,formal,flex,-2.4167289617732246,-1.8370289296880176,0
9,8,5,7,3,4,2,3,2,2,2,impact,analytical,small,collab,flex,-0.7766095686505641,0.9449776717795844,2
12,10,7,7,3,3,3,4,2,2,2,money,analytical,small,collab,mid,1.3941288731480526,-0.21553442703244702,2
9,9,7,7,4,4,2,4,3,2,2,growth,analytical,flex,formal,big,0.9795733975509737,0.4936627451943208,2
7,7,6,6,3,4,2,3,2,2,2,money,strategic,small,formal,mid,-1.4258122402320863,0.6418227130455624,0
12,8,5,7,3,4,2,2,2,4,2,money,analytical,flex,collab,big,0.5310695131806,2.0204401151426254,2
12,7,8,8,3,4,2,4,3,2,3,money,analytical,flex,formal,flex,1.7367602218003446,1.6101929712604093,1
10,9,8,7,4,4,3,4,3,2,2,growth,analytical,small,collab,startup,1.6449210069340614,0.20291032137496753,2
12,9,5,6,3,3,2,3,2,2,3,growth,social,flex,agile,mid,0.14652940315199148,1.5709949078976269,2
7,9,5,7,3,4,2,2,2,2,2,growth,creative,flex,formal,big,-1.0270365580743506,0.8077811450661411,0
7,8,5,4,3,4,1,3,2,2,3,money,social,small,collab,flex,-1.9463711998305082,1.6563712478734307,0
6,8,6,4,3,4,3,3,2,2,2,prestige,creative,small,agile,startup,-1.4965540671552975,-0.03245775567104862,0
11,8,8,8,2,3,3,5,4,3,2,prestige,analytical,small,formal,big,2.895283121964128,-1.1389266374671276,1
8,8,5,7,3,4,2,3,2,2,2,money,social,solo,formal,flex,-1.0444497752583206,0.9231857784520098,0
11,9,7,8,4,4,3,3,2,2,2,money,analytical,small,formal,flex,0.9524120546652834,1.148529602539344,2
8,10,8,7,3,3,3,4,2,2,2,growth,strategic,big,formal,mid,1.0677917062556637,-1.1448673314762619,2
6,7,6,6,3,4,3,4,2,2,2,prestige,analytical,small,collab,mid,-0.9906637273239867,-0.27057289012833596,0
8,7,6,5,3,4,2,4,2,2,1,growth,analytical,small,formal,mid,-1.5085571036985024,-0.4065306390680872,0
12,9,6,7,3,3,5,4,2,1,1,prestige,analytical,small,collab,big,0.6292275271469203,-1.271329585142617,2
6,8,7,4,3,4,2,4,3,2,1,prestige,social,flex,formal,flex,-1.0880797333925143,-0.9173075209086453,0
13,9,10,10,3,4,3,4,3,4,2,growth,strategic,flex,formal,flex,4.537079751313209,0.2736674517229232,1
9,9,5,7,3,3,2,2,2,3,1,money,analytical,flex,formal,big,-0.6091997160941545,0.11857192197474695,0
10,9,7,6,2,3,2,5,2,2,1,growth,analytical,small,formal,flex,0.16886621308544314,-1.7371726313906088,2
8,8,5,5,2,4,2,4,2,1,3,money,analytical,small,collab,flex,-1.4055343154784086,0.680264688156614,0
9,8,7,7,3,4,3,3,3,2,2,money,social,small,collab,mid,0.4744506385546811,0.39947050973903625,2
9,8,7,7,2,1,1,5,1,3,2,money,social,flex,collab,flex,0.009343065955328453,-1.5176708452344496,2
12,10,6,6,3,4,2,4,2,2,2,money,analytical,small,collab,mid,0.6046213302122547,0.6548768322783137,2
9,10,7,8,5,4,2,5,2,3,2,growth,social,flex,formal,flex,1.7638378643937314,0.6296102869259107,2
10,9,8,8,3,1,2,5,3,3,2,growth,analytical,solo,result,big,2.288900796830704,-1.7004493369789042,1
14,10,8,10,3,4,4,5,4,4,3,growth,analytical,flex,formal,big,5.761006201217289,0.5925561978271511,1
8,6,4,6,2,4,2,3,2,2,2,money,social,small,collab,big,-2.1154637137925647,0.7776111050870156,0
13,9,6,7,3,4,2,5,3,2,2,money,social,solo,result,mid,1.4941932394129251,0.6362147278971814,2
11,8,6,7,3,3,5,4,2,2,3,money,analytical,big,formal,big,1.3122096970807287,0.2826104211484035,1
7,9,8,7,3,3,3,4,2,2,2,money,analytical,small,formal,mid,0.5018986538369856,-1.090828109040694,2
11,8,8,8,3,3,4,4,2,4,2,money,social,flex,formal,flex,2.4636321518872863,-0.20805815490189122,1
10,7,6,5,3,3,2,5,2,2,2,money,social,big,formal,mid,-0.6087027067522137,-0.08058423644542603,2
13,7,8,7,3,3,5,4,3,4,4,money,analytical,flex,result,flex,3.7342774016547766,1.4411369789068311,1
10,8,6,7,4,3,3,3,2,3,2,money,analytical,big,collab,mid,0.45979971386960533,0.7791488324235893,2
13,7,8,8,3,4,4,4,2,4,4,money,social,small,agile,flex,3.2140285361195184,2.1304145865782935,1
2,8,6,7,4,4,3,2,2,2,1,growth,strategic,flex,collab,flex,-1.9431181994537663,-0.49236542914641673,0
9,8,5,6,3,4,2,4,1,2,2,money,social,small,collab,flex,-1.2733116836572855,0.6905168120401145,0
9,9,5,7,1,3,2,3,1,2,3,growth,social,flex,collab,big,-0.5857128741647843,0.10734344334107279,0
12,10,5,5,3,4,2,4,2,2,1,money,analytical,small,formal,big,-0.27609551379903435,0.09056034143941835,2
12,8,7,8,3,4,5,4,2,4,3,prestige,strategic,big,result,big,3.133908481666763,0.8373478149090324,1
11,7,8,8,3,4,4,4,2,4,3,growth,social,flex,agile,flex,2.6675616469235224,1.015437402647982,1
8,8,5,7,3,4,2,3,2,2,1,impact,analytical,small,formal,mid,-1.3011881116400021,-0.001480122859333667,0
11,7,6,5,3,4,5,4,2,2,3,growth,creative,flex,collab,flex,0.5893653391467184,0.9623362801357361,2
9,8,5,6,5,1,1,3,1,2,2,money,strategic,flex,formal,flex,-1.8302640339118017,0.8942288039708043,0
10,7,8,8,5,4,2,4,3,3,2,money,analytical,small,formal,flex,1.4762225297030613,1.4716853274408805,2
12,6,8,8,3,4,4,4,2,3,3,freedom,analytical,big,collab,flex,2.0710743466480777,1.2099263863904064,1
13,6,7,7,3,4,4,4,2,3,3,freedom,social,flex,collab,flex,1.6681808883868015,1.6275373242260098,1
11,9,5,7,3,4,2,3,2,2,1,growth,analytical,small,formal,flex,-0.49286072410407705,0.4468717928226312,2
6,8,5,5,3,4,1,4,2,2,1,money,social,flex,collab,flex,-2.141590362117018,-0.2745198260115028,0
9,10,9,7,3,4,4,4,3,3,1,money,analytical,solo,agile,big,2.455460329337477,-1.5002979446715916,1
9,8,7,7,5,4,2,4,3,2,2,growth,strategic,big,formal,big,0.6999185047274807,1.060453663221081,2
7,8,5,7,3,4,2,4,2,2,1,growth,analytical,flex,agile,flex,-1.0527488591555905,-0.4375016654543184,0
9,9,5,7,3,3,2,3,2,2,3,growth,analytical,big,formal,big,-0.1196045281093231,0.9458930256849675,2
9,9,5,8,3,4,2,3,2,2,3,money,creative,solo,formal,flex,0.027873930701611427,1.67640383201231,2
9,10,6,7,4,4,1,4,2,2,2,impact,creative,small,collab,startup,0.13263324161561502,0.7301150977791196,2
8,8,5,6,5,4,2,3,2,2,2,money,strategic,flex,formal,flex,-1.1527888947778593,1.8719945277181016,2
6,9,7,8,4,3,2,5,3,2,2,growth,social,flex,formal,flex,0.8484681346108547,-0.7501069735389755,2
8,9,8,9,3,3,3,5,2,4,2,money,strategic,flex,formal,flex,2.519987151383008,-0.9999096402625971,1
10,10,7,9,3,4,2,4,2,3,2,impact,analytical,small,collab,mid,1.8576694149382957,0.11690161313677674,1
12,9,8,5,3,4,5,5,4,2,2,money,analytical,flex,result,flex,2.7444208983484613,-0.516323230691533,1
8,8,7,6,3,4,1,4,3,2,2,impact,analytical,big,collab,flex,-0.09332941732314541,0.273943388149161,2
13,8,8,7,3,4,3,5,3,3,2,money,strategic,flex,collab,big,2.708536848199413,0.27886098487673866,1
9,7,8,8,3,4,5,3,3,3,2,money,analytical,small,formal,flex,1.779490067566731,0.04777860843508549,1
13,10,7,7,3,3,3,5,3,2,2,growth,analytical,flex,collab,big,2.480174654318702,-0.5089512527360781,1
6,8,5,6,3,4,1,4,1,2,1,growth,analytical,small,formal,flex,-2.3498333674333196,-0.4083633652441337,0
10,8,8,7,3,4,3,4,2,2,2,money,social,small,formal,mid,0.7732072096499589,0.06182648050865385,2
8,9,5,7,2,4,2,5,2,2,2,money,analytical,flex,formal,mid,-0.09842491606317028,-0.491072492584868,2
8,10,8,7,3,4,2,4,3,3,2,growth,social,big,collab,startup,1.7713313903937449,-0.436966685853636,1
13,6,7,7,3,4,5,4,2,3,3,impact,social,flex,result,flex,1.9638493331329543,1.3686226839275182,1
12,9,8,7,3,4,3,5,4,2,2,money,analytical,solo,formal,big,2.667309812939552,-0.1584712834243735,1
7,9,6,7,2,4,1,5,2,2,2,money,strategic,flex,formal,flex,-0.254553380125712,-0.490979094353484,2
10,8,8,6,3,4,2,4,3,2,2,money,analytical,flex,formal,big,0.8530468507850566,0.28983320589814365,2
9,6,8,7,3,4,5,5,2,3,2,money,analytical,flex,formal,flex,1.4603380793071121,-0.49852525447965784,1
11,8,8,6,3,4,4,4,2,2,2,growth,social,small,agile,startup,1.0789930101081042,-0.13231448582513347,2
9,7,6,7,3,4,5,5,2,3,2,money,analytical,flex,formal,big,1.1839782192382478,-0.41597962297262775,2
9,8,5,6,2,3,2,3,2,2,2,money,analytical,small,collab,flex,-1.150684246010076,0.11629695922434216,0
13,8,8,8,2,4,5,5,3,3,2,money,strategic,flex,formal,flex,3.4055682752534406,-0.5270567201282477,1
11,10,9,9,3,4,4,5,2,4,3,prestige,analytical,flex,collab,flex,4.34167750867006,0.033618017973602275,1
8,9,7,7,2,4,3,4,2,2,1,growth,analytical,small,result,flex,0.16062313793877292,-1.4895500573086373,2
6,8,4,3,2,2,1,3,1,2,2,prestige,creative,small,collab,mid,-3.513768540851253,-0.5929528506100524,0
9,7,8,6,5,3,2,5,3,2,2,money,creative,small,agile,startup,0.6028729883688717,0.3013441939275627,2
13,10,8,10,3,4,5,5,2,4,3,money,social,flex,formal,flex,4.831458263521428,0.42381414764088904,1
11,7,8,7,4,4,3,4,2,2,3,money,analytical,big,formal,big,1.176714967113478,1.494140117264872,2
8,10,6,7,2,4,2,4,2,2,1,prestige,analytical,big,collab,mid,-0.09875727019133848,-1.3010118866698888,2
13,7,7,8,3,4,5,4,2,3,3,money,social,flex,formal,flex,2.416149883251897,1.3312363492006258,1
10,9,8,9,4,4,3,5,3,4,3,growth,analytical,big,collab,big,3.823115852041022,0.6616366160323774,1
13,6,7,7,3,4,5,5,2,3,3,prestige,analytical,flex,formal,flex,2.2295044866923797,1.0066542340308633,1
9,8,6,5,3,3,2,4,2,2,1,prestige,analytical,flex,formal,mid,-1.0298630415514656,-0.7708878876916517,0
5,8,5,5,2,3,2,3,2,2,1,growth,analytical,solo,formal,big,-2.3662185773320576,-1.4644964419692943,0
8,8,6,6,2,4,2,4,2,2,2,prestige,creative,small,collab,big,-0.6177293029934019,-0.2929596204022384,2
6,8,5,6,2,4,2,5,1,2,1,money,social,small,formal,flex,-1.9039512567861905,-1.3618475366885767,0
8,10,7,7,5,4,2,4,2,2,2,growth,strategic,small,formal,flex,0.5098086115773302,0.7238053193738069,2
10,10,8,9,2,4,2,5,3,3,2,freedom,strategic,flex,result,flex,2.957042480470438,-0.7015938369899011,1
8,8,5,5,3,4,1,2,3,2,2,money,strategic,small,formal,mid,-1.6561446047440118,1.4381029027863197,0
6,8,6,7,3,4,2,3,3,2,2,freedom,analytical,flex,collab,flex,-0.48342386831090406,0.322365638467722,2
9,8,5,5,4,3,1,4,1,2,3,money,analytical,flex,collab,flex,-1.376747260257818,1.6652250355874945,0
8,9,7,8,3,4,2,5,2,2,2,money,analytical,small,formal,flex,0.6933698726744872,-0.3435144262384369,2
9,10,7,7,3,3,2,5,2,3,1,money,creative,small,collab,big,1.0499173041500087,-1.5351301626387241,2
8,9,2,5,2,2,1,3,1,2,2,prestige,social,small,formal,big,-2.9689932438745656,-0.0700649540854946,0
10,10,10,7,3,3,3,5,4,3,2,impact,social,big,agile,startup,3.695356165820025,-1.4979163333870158,1
9,9,8,5,2,3,3,4,2,3,2,money,analytical,solo,formal,flex,0.7856096432379829,-1.0369941415617314,2
11,10,9,7,3,3,3,5,3,3,3,growth,social,big,collab,startup,3.4440356088898803,-0.4451654235813252,1
10,10,8,9,3,4,2,5,3,3,3,money,analytical,solo,formal,startup,3.183614222319929,0.393639990169507,1
11,7,5,6,4,4,2,2,2,3,3,impact,strategic,solo,formal,mid,-0.421642860109964,3.0479006005046796,2
7,8,6,4,1,3,5,4,2,2,2,growth,analytical,big,formal,mid,-0.5664018323588234,-2.11696393442312,0
6,7,6,7,3,4,2,4,2,2,2,freedom,social,small,collab,big,-0.9864223985490332,-0.03593960751342316,0
10,7,6,7,5,4,2,3,2,3,4,money,social,flex,formal,mid,0.6017948275017733,3.6155253716321263,2
15,10,9,10,2,4,5,5,4,4,4,freedom,strategic,flex,agile,big,6.858076868829386,0.6790962110546614,1
7,9,7,9,4,4,1,4,2,3,2,freedom,social,small,collab,flex,0.7437766771324601,0.5511600853876506,2
7,7,7,9,1,3,2,4,2,3,1,growth,analytical,flex,result,startup,0.21882198916562962,-2.031720697447364,2
9,9,5,7,3,4,2,3,2,3,2,impact,strategic,small,collab,mid,-0.017978028434870244,0.8215856429010885,2
7,10,3,3,3,4,1,4,1,2,1,freedom,social,flex,result,startup,-2.9046000115274886,-0.20512287662384313,0
7,8,5,4,2,3,2,3,2,2,2,money,social,small,formal,mid,-2.093524997590073,-0.27637914710266503,0
6,8,7,7,3,4,3,5,1,2,1,money,analytical,small,formal,big,-0.6443003449368643,-1.59761099883651,2
7,8,5,7,3,4,2,2,2,2,2,money,creative,flex,collab,flex,-1.377446453941077,1.1395892883211336,0
7,8,7,5,3,4,2,5,2,2,2,money,analytical,flex,agile,mid,-0.3983117634224668,-0.4085826715728133,2
10,9,8,7,5,4,3,4,2,2,3,growth,analytical,solo,formal,mid,1.5225183528041555,1.4492697122386162,2
9,9,4,6,3,4,1,3,2,2,2,money,analytical,flex,collab,flex,-1.2872506370464534,1.3486511703141213,0
11,9,8,7,3,4,3,4,3,2,3,money,social,small,collab,mid,2.0228292659511653,0.777066138976059,1
9,9,5,7,3,4,1,3,2,2,2,impact,analytical,small,formal,mid,-0.7890480845538452,0.9824358528739202,2
6,8,6,5,3,4,2,3,2,2,1,money,creative,small,collab,mid,-1.9065028667479424,-0.4224905617758929,0
6,8,5,9,3,4,1,4,2,4,1,freedom,analytical,flex,formal,startup,-0.060922234890550264,-0.29214217401426656,2
12,10,8,9,3,4,3,4,3,3,3,impact,social,big,result,mid,3.6031394804931534,0.7781822102300191,1
8,8,7,5,3,4,2,3,3,2,2,growth,creative,solo,collab,flex,-0.42533140944574227,0.4614470552696404,2
7,8,7,6,3,4,2,3,3,1,2,growth,analytical,solo,formal,mid,-0.8166140994979763,0.14438889546650474,2
10,9,7,5,3,4,5,4,3,1,2,money,analytical,small,formal,big,0.8036341145267176,-0.5241206245090858,2
7,8,6,5,3,3,3,3,3,1,1,money,social,small,collab,mid,-1.567070236333196,-1.0384864427259177,0
3,7,5,5,3,3,2,4,2,1,1,money,social,small,formal,startup,-3.2921485182772705,-1.554196579956889,0
8,8,6,7,3,4,2,4,2,1,1,money,analytical,small,collab,big,-1.1503365637677818,-0.5653041463571281,2
9,8,7,6,3,4,2,5,3,2,2,money,social,flex,collab,flex,0.5880213630730959,0.008552487497778906,2
8,7,5,4,4,4,2,3,2,2,2,money,strategic,small,agile,flex,-2.0171016942440674,1.5018863211439806,0
10,7,8,7,3,4,2,5,3,2,2,money,analytical,solo,formal,big,1.0519536109042682,0.033410079563414,2
7,9,6,5,3,3,1,3,3,1,2,prestige,analytical,small,formal,flex,-1.474216492878878,0.009869071048877291,0
10,9,5,9,2,3,1,5,2,4,2,money,social,small,collab,big,1.3599857349939761,-0.3161139119718172,1
9,8,5,6,3,4,1,3,2,2,1,prestige,strategic,flex,collab,flex,-1.5566452697596016,0.5637214775962051,0
9,7,5,5,3,3,2,3,2,2,2,money,social,solo,collab,big,-1.634021736322782,0.6478489635743523,0
13,10,7,8,3,4,2,4,3,4,3,money,analytical,flex,agile,big,3.492244777388999,1.538463655988885,1
7,9,8,7,3,3,3,4,2,3,1,growth,analytical,flex,collab,startup,0.8356630048350093,-1.830248833235882,2
3,6,2,1,5,1,1,1,1,1,1,growth,social,solo,formal,flex,-7.1224887595646535,0.4546201761083935,0
6,8,5,5,3,4,2,3,2,1,1,money,social,small,collab,flex,-2.7204303247039188,-0.2548621225851098,0
9,9,6,5,2,4,2,4,3,1,2,impact,social,solo,collab,flex,-0.521605599349984,-0.242879060104162,2
12,9,9,9,3,4,3,5,3,4,2,impact,analytical,solo,collab,big,4.075480761660128,-0.2889630602869973,1
6,8,4,5,3,4,2,3,2,1,1,growth,social,small,collab,mid,-2.9655326271863487,-0.26213321339646306,0
9,8,5,7,3,4,2,3,2,3,2,freedom,creative,solo,collab,flex,-0.3058049035458356,1.085295564034977,2
6,9,5,7,3,4,1,3,2,1,1,impact,social,flex,collab,flex,-2.055718201962667,-0.2032978632792312,0
13,7,6,6,3,4,3,1,2,2,3,money,strategic,small,collab,mid,-0.2955960868998553,2.9003496950093504,2
9,9,7,8,3,3,3,3,2,3,3,growth,strategic,flex,collab,startup,1.5261057535897664,0.5250736467864413,1
6,9,6,6,3,4,2,4,2,2,1,money,social,small,collab,flex,-1.1196558311924318,-0.873350945899899,0
9,8,8,7,4,4,3,5,3,2,1,money,strategic,small,collab,mid,1.0775575835316225,-0.7675690320552958,2
10,8,5,6,4,3,2,3,2,2,2,money,analytical,small,formal,flex,-0.9575250363120371,1.2195229482492924,2
13,7,8,6,1,4,4,3,3,3,2,money,social,small,collab,flex,1.640886783247105,0.0676857468513459,1
10,7,6,5,1,3,3,3,2,3,3,money,social,small,formal,flex,-0.22557622872864158,0.39282605534658954,0
7,8,8,8,3,4,2,5,3,2,1,money,creative,flex,collab,flex,0.7617622797002872,-1.2138751769766973,2
12,9,8,9,3,2,2,5,1,3,3,impact,strategic,flex,agile,big,2.4803930666896834,-0.07719272523796553,1
10,8,5,6,3,4,1,5,2,2,2,money,social,solo,formal,flex,-0.6540629317702789,0.7569193165772827,2
6,9,5,5,4,4,2,5,1,2,1,money,analytical,solo,collab,flex,-1.7668487120713634,-0.6117709715117023,0
2,8,4,5,3,2,2,2,2,2,1,freedom,strategic,flex,collab,flex,-3.4854767712095835,-1.2818638260703046,0
5,6,4,5,3,4,2,2,2,2,1,growth,strategic,flex,formal,mid,-3.4039573380762693,0.379381205068641,0
7,7,5,6,3,4,2,5,2,2,1,money,analytical,solo,formal,big,-1.427918136755877,-0.6973243784309759,0
10,9,7,9,3,4,3,3,2,3,3,money,analytical,big,formal,big,1.9409941147120011,1.187610151348442,1
8,9,5,5,3,4,1,3,2,2,2,money,social,small,formal,mid,-1.5742088103578518,0.9156046738871738,0
8,9,8,7,3,4,3,5,2,2,1,growth,strategic,flex,collab,mid,0.8523179342562481,-1.5804131073202503,2
7,8,5,5,3,4,2,3,1,2,2,money,analytical,small,collab,flex,-2.1406926820971495,0.6991916674084219,0
8,8,6,7,1,3,2,5,2,3,2,money,analytical,big,agile,big,0.40602462848486115,-1.4668814250725681,2
10,9,8,9,5,4,3,5,2,3,3,freedom,strategic,flex,result,flex,2.906751320545608,1.2985777404753378,1
12,9,6,9,3,4,2,2,2,4,2,money,strategic,flex,collab,flex,1.5822824136232632,1.846394891320395,1
10,7,7,3,4,3,2,4,3,1,3,money,analytical,small,formal,flex,-0.8406445869240908,1.2871428616884415,2
11,10,9,9,3,4,4,5,3,4,3,money,analytical,flex,agile,flex,4.774752255460515,0.11067199276376524,1
10,9,7,10,3,3,5,5,3,4,4,prestige,creative,flex,agile,flex,4.545072388197347,0.3729925677201478,1
9,9,7,9,5,2,2,4,1,3,2,growth,analytical,flex,result,big,1.0771281727794788,0.09832944888123105,2
7,7,6,7,5,4,2,4,2,2,2,prestige,social,flex,formal,mid,-0.7493813711272586,1.1394994376734129,2
8,8,4,5,3,3,2,3,2,2,2,money,strategic,small,collab,big,-1.8201215109748363,0.484877360910177,0
6,8,5,6,3,2,1,3,2,2,1,growth,analytical,small,collab,big,-2.2075007423591226,-1.1028539305716794,0
9,8,6,7,2,4,1,4,3,2,2,money,social,big,collab,mid,-0.04124162257702817,0.19991145938838664,2
12,9,9,8,3,3,2,4,3,3,2,money,strategic,flex,agile,big,2.7955787415155378,-0.046393520106985976,1
11,9,8,6,3,4,3,4,2,1,2,money,analytical,big,formal,big,0.6381323060181592,-0.0377836939490807,2
6,8,3,4,2,4,1,5,1,1,1,money,analytical,small,formal,startup,-3.713415041246742,-0.9742372330070584,0
6,8,6,5,3,4,3,3,2,2,1,impact,analytical,small,formal,flex,-1.6255400398619229,-0.6856313428870372,0
7,8,7,7,3,3,3,3,3,2,1,money,analytical,flex,collab,flex,-0.14148978736536041,-1.025088325029036,2
7,8,6,7,3,4,2,3,3,2,1,growth,analytical,flex,formal,mid,-0.6360389550473085,-0.30785432189108675,2
9,8,7,6,3,4,1,4,2,2,3,money,analytical,small,formal,mid,-0.14660473518980477,1.2290520278044106,2
7,9,5,6,2,4,1,3,2,2,1,impact,analytical,solo,formal,mid,-1.7448598478888302,-0.5179167744411046,0
10,10,8,7,2,3,2,5,3,3,2,money,analytical,solo,collab,big,2.307497083597226,-1.2767441190384934,1
6,8,3,6,2,3,1,3,2,2,1,prestige,analytical,small,formal,mid,-2.879469089945585,-0.6838032747466817,0
9,8,7,7,3,3,2,3,3,2,1,money,analytical,flex,collab,flex,-0.054198821140146375,-0.437555898144061,2
6,8,5,4,2,4,4,2,1,2,1,impact,social,small,formal,mid,-2.696546847172933,-0.8850727052073968,0
7,10,7,7,3,4,2,5,2,3,2,prestige,analytical,big,agile,big,1.2042641688350333,-0.7977219481950454,2
10,10,9,9,3,4,4,5,3,4,2,growth,analytical,flex,formal,flex,4.261785890702316,-0.8740066925830008,1
7,8,5,6,3,3,2,3,3,2,2,money,social,small,collab,flex,-1.08558471306352,0.22655998708557298,0
8,9,8,7,3,2,2,5,2,3,2,money,analytical,small,formal,mid,1.1186417087731013,-1.4537504480959325,1
6,7,5,6,2,4,2,5,1,2,1,impact,analytical,small,formal,big,-2.045100323471378,-1.4333805055151607,0
9,8,6,5,3,3,1,5,2,1,1,growth,social,small,collab,mid,-1.572872945439742,-1.0524557566996011,0
9,9,5,5,3,4,2,2,2,2,1,money,analytical,small,collab,big,-1.6256373134435391,0.4454510174633926,0
11,9,6,7,3,4,2,3,2,2,3,prestige,strategic,small,result,big,0.5564336602925473,1.6501504855166536,2
10,9,8,7,2,4,3,4,3,2,2,money,analytical,small,formal,flex,1.492467444030817,-0.49220632785600055,1
7,8,4,2,4,4,5,3,2,2,1,money,social,solo,agile,big,-2.2386439640115983,-0.18297663111313836,0
14,8,8,9,1,4,2,5,3,4,3,money,creative,solo,formal,flex,3.7321108262112888,0.6584364502810142,1
9,8,7,5,4,3,3,3,2,2,1,prestige,analytical,big,formal,startup,-0.7230767430390725,-0.42985744303610735,2
10,10,8,5,4,4,3,4,1,1,3,prestige,analytical,solo,formal,startup,0.3380903638398123,0.7901385032017162,2
9,10,7,7,3,4,4,4,2,2,1,money,analytical,flex,result,flex,0.949342476519937,-1.0937156271406858,2
9,9,5,6,3,3,1,4,2,2,1,growth,social,small,formal,flex,-1.188158549288726,-0.4932233817405444,0
10,10,5,6,2,3,1,5,3,2,2,money,analytical,solo,formal,big,0.35900149573711,-0.5893446722429496,2
7,7,5,5,4,4,2,5,1,1,1,money,analytical,flex,collab,mid,-2.5246456729819258,-0.25965575812913205,0
12,10,8,8,1,4,3,5,1,3,2,impact,analytical,flex,formal,startup,2.409154821873356,-1.1686214186428927,1
9,10,8,6,3,4,3,4,2,2,2,freedom,strategic,solo,formal,flex,0.955162335569671,-0.36353314484768434,2
8,10,5,7,2,2,1,5,2,1,2,prestige,analytical,solo,formal,big,-0.663721567911058,-1.535822029232482,2
11,9,9,7,3,4,3,5,3,3,3,money,analytical,small,formal,big,3.139113375088227,0.273572870788852,1
14,10,8,9,5,4,2,5,2,4,3,money,strategic,big,agile,big,4.101592853230773,2.060523839827757,1
9,8,6,7,3,3,3,3,2,2,3,impact,social,small,collab,mid,0.049323007793291795,0.7308664173588227,2
11,9,8,7,5,4,3,3,2,2,2,money,social,small,result,big,1.0805703527406494,1.335473052357957,2
9,6,5,7,5,4,2,2,2,2,2,money,strategic,flex,formal,flex,-1.5430320272268507,2.7154739196780926,0
6,8,6,5,1,4,1,5,2,2,1,money,social,solo,formal,big,-1.6442177536285258,-1.8416443002679104,0
9,10,6,6,3,2,2,4,2,2,1,money,analytical,small,formal,startup,-0.36519504079453674,-1.523872441139367,2
8,10,5,7,3,3,2,3,2,2,1,impact,analytical,small,collab,flex,-0.7831202904175951,-0.704469916744739,2
11,10,5,8,3,4,1,4,2,3,2,money,analytical,small,formal,flex,0.8151204406939123,1.0496207659870411,2
9,10,7,4,2,4,2,4,3,1,1,prestige,creative,solo,formal,big,-0.4904727515650242,-1.334671501458853,2
6,9,5,5,1,3,1,3,2,1,2,impact,analytical,big,collab,startup,-2.3043768350490557,-1.0433711657439468,0
4,7,5,5,1,4,2,3,2,2,1,impact,social,small,formal,flex,-2.913109448834687,-1.378251501351701,0
6,8,9,5,4,4,3,3,3,2,1,growth,analytical,flex,result,flex,-0.10311714349019371,-0.7058827056263145,2
9,10,8,6,3,3,4,4,2,1,2,impact,strategic,small,collab,flex,0.7208422243270389,-1.206693994216234,2
12,9,7,7,4,4,3,5,3,2,2,money,analytical,flex,collab,flex,1.9932706917782221,0.5893994880522256,2
6,7,8,5,1,2,4,3,3,2,4,impact,social,small,formal,mid,0.2330028176834748,-0.8770594101243739,1
8,10,8,7,2,4,2,3,3,2,2,growth,analytical,flex,formal,big,1.052431152898536,-0.5271448370509108,2
6,8,5,3,2,4,3,3,1,1,1,money,analytical,solo,formal,big,-3.3582298957257186,-1.021018925505156,0
9,8,6,7,1,4,3,2,2,2,3,freedom,creative,flex,result,flex,-0.10868893623829834,0.8316799200254826,2
7,8,5,5,2,4,2,4,1,1,1,money,social,small,collab,big,-2.6617843386847113,-1.0047346609674868,0
8,9,7,7,3,3,2,4,3,2,2,money,social,flex,formal,flex,0.5873049047758485,-0.3823806001332504,2
11,10,5,8,2,4,2,5,2,2,3,growth,social,small,collab,flex,1.2404653050821488,0.5269293128956388,2
11,9,8,9,3,4,3,5,2,3,2,money,analytical,flex,formal,flex,2.6321282115306768,-0.10496428629416407,1
8,8,6,6,3,4,3,2,3,2,2,money,social,small,collab,mid,-0.5569269769765028,0.7653352017882772,2
9,7,5,7,3,4,2,3,2,2,2,growth,analytical,small,collab,mid,-1.0309062167033434,1.0124183473143604,0
5,9,5,7,3,3,1,3,2,2,1,impact,analytical,small,formal,big,-1.835254683632458,-0.9308036224640397,0
7,8,7,4,3,4,4,3,2,2,2,money,social,flex,collab,flex,-0.7661952338486835,-0.058121693898749806,0
11,10,5,7,3,4,2,5,1,2,2,money,analytical,small,collab,flex,0.22076641880901066,0.3588293115121424,2
7,7,6,6,4,3,2,4,2,2,1,money,strategic,big,formal,big,-1.3867145902610716,-0.5061200304913566,0
8,10,8,5,5,3,4,4,2,2,1,growth,social,big,collab,big,0.5590533137959333,-1.2563007066836507,2
6,7,7,4,3,3,3,4,2,2,1,prestige,social,small,collab,flex,-1.6438935722586394,-1.5350737823159892,0
5,8,5,3,4,2,2,3,4,1,2,freedom,strategic,solo,formal,big,-2.183827361476615,-0.3386254005060016,0
10,10,7,7,3,3,3,3,3,3,3,impact,social,solo,collab,startup,2.031166927656322,0.5035660665393097,1
7,9,7,9,2,4,3,3,2,2,1,impact,analytical,flex,formal,flex,0.26109860723752665,-1.219581498382142,2
12,9,8,7,3,4,3,5,2,2,2,money,strategic,flex,collab,flex,1.8360353239296199,0.008174244235700484,1
10,8,8,9,2,4,4,4,2,4,2,growth,analytical,flex,formal,flex,2.6634986300493044,-0.48391631135357666,1
11,8,6,7,3,4,4,3,2,3,1,money,analytical,small,collab,mid,0.541377392155697,0.02341455435061287,2
6,7,4,7,3,4,1,3,2,2,1,growth,analytical,small,collab,flex,-2.480018188967153,0.2513939224439152,0
10,9,4,9,2,3,1,4,1,2,2,impact,analytical,flex,formal,flex,-0.530316161373011,0.16549491486710405,2
7,10,6,8,3,4,2,5,2,2,1,money,social,flex,collab,flex,0.2389448423896402,-1.1656653676364812,2
9,8,6,7,3,3,2,5,2,2,2,growth,strategic,flex,collab,flex,0.14642709362623535,-0.3656367917721171,2
8,8,8,9,3,4,5,5,2,4,2,money,social,solo,collab,big,2.8062722069523827,-1.0284567317314093,1
8,9,7,7,3,3,2,5,2,2,1,freedom,strategic,flex,collab,mid,0.2145473170281872,-1.6099586686861902,2
9,9,7,6,3,4,3,5,2,2,2,money,social,flex,collab,mid,0.7049511783339628,-0.43782082297875474,2
12,9,8,8,3,4,4,4,3,3,2,impact,analytical,small,collab,startup,2.9786977903594223,-0.06792389640796798,1
9,8,8,8,3,3,2,4,2,4,1,growth,strategic,small,formal,startup,1.2652070292246702,-1.030692203456677,1
8,8,8,8,2,4,3,4,3,3,1,growth,analytical,solo,collab,big,1.4196134745581135,-1.544135031571858,1
10,9,8,10,1,3,2,5,2,4,2,growth,analytical,flex,formal,flex,2.8768759306521443,-1.4488816969663512,1
6,8,4,5,4,3,2,3,1,1,1,growth,analytical,small,collab,flex,-3.4046076218366106,-0.2048688723092287,0
8,10,5,6,2,4,1,4,2,2,4,money,analytical,small,result,flex,-0.03887970952552361,1.4220387241001007,2
9,9,7,9,2,4,4,5,2,4,1,growth,strategic,big,collab,flex,2.413522347784339,-1.7820376510279359,1
12,10,9,10,2,4,5,5,4,4,4,freedom,strategic,flex,result,flex,6.261269356370933,0.25647188573080465,1
11,10,8,8,1,2,2,5,2,3,3,growth,social,big,collab,startup,2.603694256357445,-1.4039357257550893,1
6,7,6,8,3,4,4,3,2,3,1,money,strategic,solo,collab,big,-0.29984592658474574,-0.6819004199775205,2
8,7,8,7,3,3,5,4,3,2,1,money,strategic,flex,collab,flex,0.8890936712797197,-1.695548622145569,2
8,8,6,6,3,3,2,3,2,2,2,growth,social,flex,formal,flex,-0.931710887728479,0.21538475226961037,0
8,8,5,7,3,4,2,3,2,3,2,money,creative,flex,collab,big,-0.3850580684354426,0.9005330897517816,2
10,8,5,5,5,3,2,4,1,2,3,impact,social,solo,formal,big,-0.9540771481754562,1.8619448806875691,2
10,8,5,7,3,4,2,2,2,2,2,money,social,solo,collab,big,-0.8857975747533429,1.5243532133632605,0
10,8,10,7,5,4,3,5,3,3,3,money,analytical,big,formal,flex,3.0419417178369046,1.0809855251689757,1
8,8,6,5,3,4,3,4,2,2,2,growth,social,flex,result,flex,-0.5447061346079642,0.0562852100298643,2
7,10,8,6,1,4,3,5,3,2,1,growth,social,big,collab,mid,1.0152844012920745,-2.899389039413261,2
9,10,4,5,3,4,1,4,1,1,1,prestige,analytical,small,agile,big,-2.2133330640923954,-0.16618235147439867,0
10,10,9,7,3,3,2,4,3,3,2,money,analytical,flex,collab,flex,2.3675676681959463,-0.47919621717716937,1
7,10,7,7,3,4,3,4,2,2,2,freedom,analytical,flex,formal,mid,0.646016802839285,-0.6187686304326523,2
7,8,7,7,3,3,2,5,3,2,2,impact,social,small,collab,flex,0.39361491506640595,-0.9521842010162821,2
10,10,7,9,1,2,2,5,2,4,2,growth,analytical,big,formal,flex,2.507738191203023,-1.9597448701095506,1
7,8,5,7,3,4,1,4,2,2,1,money,creative,flex,agile,flex,-1.383052966950449,-0.07765626489140212,0
11,10,8,9,1,2,3,5,1,3,2,growth,analytical,flex,formal,flex,2.3739574014743527,-2.1835294666342935,1
9,10,8,10,1,4,1,5,4,4,2,money,analytical,flex,collab,flex,3.6116185930847005,-1.0052035778326516,1
13,9,8,9,3,4,3,3,2,3,3,money,creative,solo,formal,big,2.718420316896856,1.6007334056933489,1
7,7,6,7,3,4,4,4,1,2,1,prestige,analytical,small,collab,mid,-1.044990842722643,-1.0371744509169938,0
10,9,8,8,2,4,2,4,3,3,3,growth,analytical,solo,collab,mid,2.3933029928966945,0.36187215252984034,1
8,7,5,3,3,3,1,4,2,1,4,impact,social,small,formal,flex,-2.207681109508628,1.7028813453883707,0
9,8,7,9,2,4,2,4,3,4,2,growth,analytical,flex,formal,flex,2.08043432500627,-0.026689994861191203,1
11,8,4,6,4,4,1,3,1,2,2,growth,strategic,flex,formal,flex,-1.604027935354871,2.2575411985888136,0
10,9,5,7,3,4,2,5,1,2,2,money,social,flex,formal,flex,-0.208404033736525,0.4147998588304566,2
9,10,7,5,3,4,3,4,2,1,2,growth,analytical,small,formal,big,-0.030869531127601227,-0.45553517217681844,2
6,8,5,8,1,4,5,5,1,2,2,money,analytical,small,result,flex,-0.1705788719358129,-1.8377418728077948,2
13,9,5,7,4,4,2,3,2,2,3,prestige,analytical,flex,collab,startup,0.67883677558755,2.6428049651676186,2
12,9,5,6,4,3,1,4,1,2,4,growth,strategic,flex,formal,flex,0.04526634564216897,2.709562140600251,2
9,9,5,8,4,3,2,3,2,2,2,freedom,social,flex,agile,flex,-0.19228956085624466,0.8969628144368268,2
7,8,6,7,3,3,3,4,2,2,1,growth,analytical,small,collab,mid,-0.6330379119029979,-1.4469867168007553,2
9,8,6,7,1,4,2,5,2,2,2,money,social,small,collab,flex,-0.024976921991713488,-0.771545503240987,2
11,10,5,6,4,3,2,3,2,2,4,growth,social,flex,formal,flex,0.5283066342320832,2.502595325431905,2
13,10,8,8,4,3,3,4,3,3,3,impact,creative,solo,result,mid,3.4658022849181145,0.9782722658425683,1
13,10,6,8,4,4,2,4,2,3,4,money,analytical,flex,agile,flex,2.5697092215946737,2.925895113470783,1
6,7,5,5,1,2,1,4,2,1,1,money,strategic,small,formal,flex,-3.1135394185834873,-2.0603453125143765,0
9,8,6,6,3,3,2,3,3,2,2,impact,analytical,solo,formal,flex,-0.36012126411878326,0.3381677004925499,2
10,8,6,7,1,4,5,5,2,2,2,money,social,solo,collab,flex,0.9791362300650293,-1.2899052174516674,2
8,8,4,5,3,4,2,3,2,2,2,prestige,strategic,solo,collab,startup,-1.7483011994462672,0.9071972829220372,0
6,8,6,7,3,4,3,3,2,2,1,prestige,social,small,collab,flex,-1.1132956907911111,-0.6644690559624405,0
12,10,7,7,3,4,5,4,2,3,2,growth,social,small,formal,big,2.4815800875439553,-0.25365115989792625,1
9,10,8,8,3,4,1,5,3,2,1,growth,analytical,flex,collab,flex,1.4592675382609728,-1.038774057568796,2
13,9,8,7,3,4,4,5,3,2,3,impact,analytical,small,collab,big,3.0559815059804785,0.36899754473239954,1
5,8,5,5,1,3,3,3,2,1,1,growth,analytical,small,formal,flex,-2.664455923076028,-2.14243281382048,0
6,8,6,5,3,3,3,3,2,2,1,money,social,big,formal,flex,-1.686006634884417,-1.0533379737961985,0
11,8,5,7,1,4,1,5,2,2,3,growth,social,big,formal,mid,0.18246143023455758,0.5317130126042342,2
6,7,5,7,1,4,2,4,2,2,1,growth,analytical,small,result,flex,-1.645514121129752,-1.431072753074561,0
6,8,3,4,3,4,2,3,1,1,1,money,analytical,solo,formal,flex,-4.006141582364537,0.1128491290225527,0
12,8,8,7,3,4,3,3,3,2,4,money,social,flex,collab,startup,2.083875906483069,2.2174606370658156,1
13,10,7,9,1,2,3,5,1,4,4,growth,analytical,big,formal,big,3.587977225748748,-0.3351257788172996,1
5,8,7,5,3,4,2,4,3,1,1,growth,strategic,small,collab,startup,-1.4499096278491803,-1.3336322794221893,0
9,8,6,7,3,1,2,4,2,2,2,prestige,social,small,collab,big,-0.3254855859024352,-1.069341060459155,2
10,10,8,9,1,2,2,5,3,3,2,money,analytical,flex,formal,mid,2.7672442202220777,-2.117259230467489,1
6,7,5,6,3,4,1,5,2,2,2,money,analytical,solo,formal,flex,-1.6044335272429657,0.18813873580832813,0
12,9,8,9,5,3,2,5,3,3,2,growth,analytical,small,collab,mid,2.9703715473536976,0.49602397571486906,1
10,10,7,9,3,4,1,4,3,4,3,growth,analytical,flex,agile,flex,2.94263743715346,1.2606255812044778,1
8,6,8,7,4,4,3,5,3,2,2,money,analytical,solo,collab,flex,0.6835793116607063,0.13290859356649187,2
10,10,8,8,3,4,5,5,2,3,2,prestige,analytical,solo,result,startup,3.0400917489215833,-1.114798543912593,1
7,7,3,5,3,4,2,3,1,1,1,money,social,small,collab,flex,-3.863649922554821,0.4100438726155567,0
10,10,8,7,1,4,2,5,2,2,3,money,analytical,small,collab,flex,1.6782359685245547,-0.520761046985621,1
12,7,7,7,3,4,3,3,2,3,3,growth,social,small,collab,mid,1.1454724918308863,1.7643797854706043,1
9,9,7,10,5,2,3,5,2,4,1,growth,analytical,flex,formal,startup,2.4059607051655783,-1.1555726544761775,1
6,8,5,7,2,4,1,5,2,2,1,growth,analytical,flex,formal,flex,-1.2922560605662254,-1.1984312683982108,0
9,10,7,8,5,4,3,4,2,3,2,money,analytical,small,collab,mid,1.6891088991239416,0.7077193720828157,2
8,8,6,9,4,2,2,4,2,2,1,freedom,strategic,small,formal,flex,-0.27748317758646496,-0.8879453371559501,2
8,8,6,5,3,4,3,3,2,3,3,money,analytical,small,formal,big,-0.11990377958924014,1.1544655690873327,2
9,8,5,6,1,4,1,4,2,2,1,prestige,social,small,formal,flex,-1.47438002261052,-0.7666417442017112,0
9,8,5,6,2,4,1,4,2,2,1,impact,analytical,small,collab,mid,-1.3662219859517568,-0.4400956766872682,0
9,9,6,7,3,3,2,5,2,2,2,growth,strategic,small,agile,startup,0.38703320980774386,-0.6454273132651298,2
8,8,6,6,3,4,1,3,3,2,2,money,social,small,collab,big,-0.7669164306695215,0.8351828683426996,2
6,8,7,6,2,4,1,5,2,2,1,growth,analytical,small,formal,flex,-1.0406618706383595,-1.5840870906169764,0
10,10,8,9,3,4,5,5,3,4,2,prestige,analytical,big,formal,big,4.241300443757582,-1.0898109701768846,1
8,8,8,7,3,4,2,4,2,3,2,money,creative,solo,formal,flex,0.6501590400895261,0.1205625136293152,2
13,10,8,9,2,2,2,5,1,3,4,freedom,social,big,result,mid,3.120954664549969,0.19399864775342976,1
11,10,8,9,1,2,3,5,1,4,2,growth,analytical,big,collab,startup,2.8824600429134084,-2.29368027058608,1
11,10,7,9,2,2,2,5,1,4,2,growth,analytical,big,collab,startup,2.3304538253450446,-1.4336623922216658,1
9,8,5,6,5,4,1,5,2,2,1,prestige,analytical,small,collab,mid,-1.024859783608965,0.5687384963398675,2
8,9,9,8,2,3,2,5,3,3,2,money,social,flex,collab,flex,2.2243286732801306,-1.4956435641070642,1
10,10,8,10,3,2,2,5,2,4,2,growth,social,flex,collab,mid,3.1476278766752395,-1.2285585852861496,1
12,7,5,7,3,4,2,3,2,2,3,money,social,small,formal,mid,-0.28175020630993175,2.3870032076575467,2
13,8,6,8,3,3,1,4,2,3,4,money,analytical,small,formal,flex,1.5344639665033672,2.488560743301893,1
12,10,10,7,3,4,4,5,3,2,4,impact,strategic,solo,collab,mid,4.059104165003506,0.5142879400190816,1
11,10,8,10,1,2,2,5,2,4,2,freedom,social,flex,result,startup,3.309295504102028,-1.9450389004062902,1
6,8,5,5,3,4,2,3,2,2,2,impact,creative,small,agile,mid,-1.8188972872836133,0.37727451937536843,0
12,10,9,10,2,2,3,5,2,4,3,freedom,analytical,flex,result,startup,4.450334336007606,-1.0200522217612418,1
4,6,5,3,2,3,2,2,2,1,2,money,creative,small,collab,flex,-4.157602322666171,-0.14160550583419507,0
9,8,7,9,5,2,3,3,2,2,2,impact,analytical,small,collab,big,0.6329132373314943,0.24738144538822524,2
9,8,7,5,1,4,2,4,2,2,2,growth,social,small,collab,flex,-0.4871378205025318,-0.6661748055988505,2
7,6,5,6,2,3,1,4,3,2,2,growth,social,solo,collab,flex,-1.578749156839669,-0.152430035674166,0
9,9,6,8,1,4,2,5,2,3,2,impact,analytical,small,formal,flex,1.035887658131285,-0.9407409869928652,2
6,8,3,1,3,3,2,3,1,1,2,money,analytical,small,formal,mid,-4.526433588242068,0.2592968496847073,0
7,9,7,7,2,3,2,5,2,3,2,impact,analytical,small,formal,flex,0.6905839402962353,-1.4709852320560792,2
8,8,7,8,1,4,2,3,3,4,2,impact,analytical,flex,formal,big,1.3788760399265083,-0.38367403349939283,1
4,8,5,3,1,3,2,5,2,1,1,prestige,analytical,solo,collab,big,-2.9895715601846136,-2.912361019871318,0
10,7,8,7,2,4,3,3,3,3,2,money,analytical,flex,collab,flex,1.252231651037302,0.2738151127483421,1
13,8,6,8,4,4,2,4,2,3,4,growth,strategic,small,agile,flex,1.9755785060992404,3.0954906631515136,1
13,8,6,8,4,4,2,4,2,3,4,money,strategic,flex,agile,mid,2.030774700929413,3.1715492536628402,1
12,9,5,7,4,4,2,4,1,4,4,freedom,creative,solo,collab,flex,1.5015252043935765,3.0545738864193646,1
9,10,5,7,4,3,1,4,2,2,3,money,analytical,small,formal,mid,0.0325671502979214,1.2608948110641822,2
9,10,7,7,4,4,2,4,2,3,2,impact,creative,solo,formal,mid,1.1457126429480273,0.45582573587259195,2
8,9,5,3,3,4,2,3,2,2,2,money,analytical,solo,formal,big,-1.733830814291385,0.6482788220391653,0
10,9,8,9,3,3,2,4,2,2,2,money,analytical,flex,formal,flex,1.377686183116112,-0.20014276341192164,2
6,7,5,6,3,4,2,3,2,1,1,freedom,strategic,flex,formal,flex,-2.5970601023954956,-0.09241802082211151,0
8,9,7,7,3,4,2,5,2,2,1,growth,social,small,collab,mid,0.14912712067737688,-1.2385331137670335,2
11,9,8,7,3,3,3,5,3,2,1,impact,analytical,small,formal,big,1.6942081411690977,-1.62341759876085,1
9,8,8,9,2,4,2,5,2,2,2,money,social,flex,collab,flex,1.2260012925260086,-0.5952783590115103,2
9,8,6,8,2,4,2,4,2,2,1,prestige,analytical,small,formal,mid,-0.299345351313924,-0.8026562371644049,2
9,10,8,8,5,3,2,5,2,3,2,money,analytical,small,collab,startup,1.979538011040753,-0.08617313141902203,1
6,8,5,7,2,4,3,3,2,2,2,growth,strategic,small,collab,mid,-1.0441859048041702,-0.32140986757405804,0
6,8,5,6,3,4,2,3,1,2,1,freedom,analytical,small,collab,big,-2.293402279683088,-0.3618353275018826,0
10,9,5,7,3,4,2,3,2,2,2,money,analytical,small,collab,mid,-0.35033648676184265,0.9957780103472366,2
9,9,7,9,1,3,3,5,2,2,4,impact,analytical,flex,collab,flex,2.129704919864732,-0.41397531387547776,1
11,9,5,5,4,3,1,3,2,2,4,freedom,analytical,flex,agile,flex,-0.20404147938820932,2.895205810464883,2
12,8,5,7,5,4,2,3,2,2,4,growth,creative,small,formal,flex,0.4269399302889883,3.847930240743761,2
9,7,5,7,3,4,2,3,2,2,1,growth,analytical,small,collab,mid,-1.3594456684065865,0.29597563156651524,0
8,8,5,6,3,4,2,4,1,2,1,growth,social,small,collab,flex,-1.7327683372631288,-0.3002730365436543,0
11,10,5,8,4,3,1,4,1,4,3,growth,creative,small,collab,flex,1.213887913657353,1.7359031150696318,1
9,8,8,7,3,4,2,4,3,2,1,money,analytical,flex,agile,mid,0.6188751987789913,-0.5741489529040896,2
9,9,6,8,4,4,1,4,2,3,3,freedom,strategic,solo,collab,flex,0.9147976294305689,1.8163262227247665,2
6,7,5,5,5,4,1,4,2,2,1,prestige,analytical,small,result,flex,-2.3751588752742387,0.6468835491857005,0
11,10,4,7,3,4,1,4,2,2,2,money,social,flex,formal,flex,-0.1738550395293067,1.2131341401293143,2
10,8,5,8,5,3,5,5,2,2,1,growth,analytical,flex,collab,big,0.8673429867922777,-0.6779960036516993,2
12,8,6,6,3,4,4,5,2,2,2,money,strategic,flex,formal,flex,0.9292764118285368,0.2650875187844233,2
6,8,5,5,1,4,1,3,2,2,1,impact,social,flex,collab,flex,-2.430674134376256,-0.9044862728017732,0
11,10,8,8,3,4,4,4,2,4,2,growth,analytical,small,collab,startup,3.118407035014079,-0.3128766857702748,1
9,10,5,7,4,3,2,2,2,2,3,growth,analytical,flex,formal,mid,-0.12656186995501384,1.7248344411905128,2
9,10,6,7,3,4,5,5,2,2,3,growth,social,solo,agile,big,1.8513591177235096,-0.32143197815350005,1
9,8,7,6,5,4,3,4,2,2,2,money,analytical,flex,formal,flex,0.18801191063585682,1.0702944868502235,2
8,9,5,7,3,3,2,3,2,2,1,growth,analytical,small,formal,mid,-1.066228603412542,-0.6183776811249388,0
9,9,6,7,4,4,2,4,2,1,1,money,social,small,collab,flex,-0.7705846668214125,0.03996890448925224,2
6,8,5,4,3,4,2,3,2,2,2,money,analytical,small,formal,flex,-2.1739743398456173,0.5296005096453684,0
7,8,5,7,3,4,1,4,2,2,1,prestige,analytical,solo,formal,big,-1.411390155312231,-0.30262683251878497,0
9,9,7,7,4,4,3,5,2,1,2,money,analytical,small,collab,big,0.5109948621544671,-0.14567101353609618,2
4,8,4,7,1,1,5,5,1,1,1,money,social,small,formal,flex,-2.1330029696896347,-4.1823126278197735,0
6,8,6,5,2,4,2,4,2,2,1,impact,analytical,big,formal,flex,-1.567498973536041,-1.2902037731311597,0
8,9,5,7,2,3,2,4,2,2,3,money,analytical,flex,agile,flex,-0.06076074295721845,0.201780694529442,2
7,8,7,7,2,3,3,5,3,2,1,money,analytical,solo,collab,flex,0.32962338615591513,-2.2599361748951323,2
9,10,8,7,2,2,2,5,3,2,2,money,analytical,solo,collab,big,1.6067860166719334,-1.9861965576459422,1
6,8,6,6,1,4,2,4,2,2,2,impact,social,small,collab,flex,-1.0710377977768915,-1.0172533406416018,0
8,9,4,7,5,3,1,2,1,2,2,prestige,analytical,small,collab,mid,-1.9791213659766707,1.8055763728697787,0
11,10,5,8,5,4,1,4,2,2,3,money,analytical,flex,formal,big,0.8623291064548997,2.5538312720936402,2
6,8,3,6,3,1,2,3,1,2,1,prestige,analytical,small,collab,flex,-3.107619507390094,-1.335031439930441,0
6,7,3,5,2,2,1,5,1,1,1,prestige,analytical,big,formal,big,-3.7012933925053617,-1.8585523976061578,0
8,8,6,5,3,3,3,4,2,2,2,money,analytical,small,collab,mid,-0.7033439757354414,-0.46030505133318683,2
8,8,7,9,2,4,1,5,3,4,2,growth,analytical,big,formal,big,1.9469752709183243,-0.5063857228845255,1
9,9,8,7,3,4,3,3,3,2,2,money,analytical,big,formal,big,1.1740070266200144,0.046823773555818717,2
6,8,4,3,5,4,1,3,2,2,1,prestige,analytical,small,agile,big,-3.156817382770165,0.9386938761030891,0
2,10,2,5,3,4,1,1,2,4,1,freedom,analytical,solo,result,flex,-3.107477737711584,0.39598198120138034,0
12,8,8,9,3,4,4,3,3,4,3,growth,analytical,flex,agile,flex,3.5792476153012407,1.3947998079331583,1
9,10,6,5,2,4,2,4,2,1,2,growth,strategic,small,collab,mid,-0.643596139988907,-0.46432691284969035,2
13,8,5,9,3,4,2,3,2,2,2,money,creative,small,agile,mid,0.45188566611501196,1.7032787580432545,2
9,9,7,7,3,4,2,5,2,3,2,impact,analytical,solo,collab,mid,1.1749218633099243,-0.2698711232187959,2
6,8,7,6,3,3,3,5,2,2,1,money,social,small,collab,big,-0.5290714491739481,-2.081379228068648,2
4,8,3,3,1,4,2,1,2,1,1,growth,strategic,flex,formal,big,-4.621598657576187,-0.5563227574417241,0
8,9,5,6,3,4,2,3,2,2,1,money,analytical,solo,formal,flex,-1.3245220336674917,0.04318264856623207,0
12,9,10,9,4,4,3,5,3,3,2,money,creative,flex,collab,big,3.951927162409899,0.07758512502422973,1
8,8,6,7,3,4,1,5,2,2,2,money,strategic,flex,collab,flex,-0.3003242144520155,0.26543301093199995,2
7,7,4,3,1,4,2,3,1,1,2,prestige,strategic,small,formal,mid,-3.753356473489454,-0.07307353813761605,0
13,10,8,7,2,4,3,4,3,2,3,money,creative,small,agile,startup,2.7045187493771663,0.5215308357955802,1
6,8,5,3,4,4,1,5,2,1,1,impact,analytical,small,collab,flex,-2.853349686265325,-0.429151477670577,0
12,9,9,6,3,4,3,5,3,2,3,prestige,analytical,solo,formal,big,2.6265821893026864,0.32479194581864707,1
9,8,4,7,1,4,2,3,1,2,2,prestige,analytical,small,formal,big,-1.5428063595906707,0.1463640548337425,0
10,10,8,7,1,3,3,5,3,3,3,impact,analytical,flex,formal,flex,2.9119402782187374,-1.19760293122048,1
9,8,3,5,3,4,2,3,1,2,2,money,analytical,small,formal,flex,-2.4204530052344246,1.4001977254986961,0
7,10,5,8,5,3,1,4,2,2,2,money,analytical,small,collab,mid,-0.33758547757828355,0.6337282612642698,2
6,8,5,4,3,3,1,3,2,2,1,freedom,creative,solo,agile,flex,-2.7317771053434026,-0.44495076925379085,0
8,10,6,7,3,4,2,4,2,2,2,freedom,strategic,small,formal,startup,0.18002148653350736,-0.0831579176355288,2
11,10,8,9,1,2,3,5,1,3,2,growth,analytical,big,collab,big,2.4335803926976283,-2.3698404870326986,1
10,9,6,8,3,4,3,2,2,2,4,money,analytical,solo,formal,startup,0.8702252832941024,2.420149774841371,2
12,8,8,8,3,3,5,4,3,4,3,money,social,big,agile,startup,3.7394720415518,0.2678797929253888,1
7,7,5,5,3,4,1,3,2,1,2,growth,social,solo,collab,flex,-2.693973905997381,0.9425391645712577,0
5,10,7,4,3,4,2,3,3,1,1,money,creative,solo,collab,flex,-1.5253363781962352,-1.0393868526296168,0
8,8,8,5,1,4,3,4,3,2,1,growth,social,small,collab,startup,0.05105564638812976,-2.070278614318156,2
8,9,3,7,1,4,1,4,1,1,2,prestige,social,flex,collab,flex,-2.1843287763324737,-0.05906577456177387,0
8,7,8,8,1,4,2,5,3,4,2,money,strategic,flex,formal,flex,1.8802918653637524,-0.9267549193871898,1
7,8,6,5,1,4,2,4,2,2,2,freedom,strategic,flex,formal,flex,-1.062446439535758,-0.734015876449097,0
12,9,6,9,3,4,2,5,2,2,4,money,analytical,solo,collab,big,2.127382745760409,1.8547423565844179,1
10,9,9,9,2,4,2,5,3,3,2,prestige,analytical,big,formal,big,2.966423754490742,-0.918163897718233,1
12,8,8,6,4,4,2,4,3,2,3,money,analytical,small,collab,mid,1.4521453524590286,1.772464687999048,2
9,8,5,7,3,4,2,4,1,2,2,impact,analytical,small,collab,flex,-0.9315489714341729,0.5807284674707182,2
9,8,5,7,3,4,1,5,2,1,2,freedom,social,small,formal,flex,-1.0244856570060032,0.42780472692346944,2
7,8,5,5,3,4,1,4,2,2,1,growth,social,small,formal,flex,-2.0357923385098835,-0.2314626314178175,0
7,8,7,7,3,4,3,4,2,2,1,impact,social,small,collab,flex,-0.3389916886631931,-1.0520809157848934,2
6,8,6,7,2,4,5,3,3,2,1,impact,social,small,collab,mid,-0.13751311907556882,-1.7016941576962634,2
9,9,5,7,3,4,1,4,2,2,2,growth,social,flex,formal,flex,-0.4541241763538035,0.7431034931922892,2
4,8,6,5,2,4,1,4,3,2,1,impact,social,solo,collab,flex,-1.8142096640571133,-1.3808186024177878,0
6,8,6,6,3,4,2,4,2,2,1,money,social,solo,collab,mid,-1.366823399994027,-0.7796788755184826,0
9,8,6,8,3,4,1,4,2,3,2,prestige,analytical,small,collab,mid,0.28307780054503234,0.6559760154922661,2
9,9,8,7,3,3,3,3,3,2,2,growth,analytical,flex,agile,mid,1.2064869497271995,-0.43296280815912686,2
9,9,7,6,5,4,2,5,2,3,3,money,creative,small,collab,startup,1.2356423292304708,1.4273810609302624,2
6,8,5,4,3,4,2,3,2,1,1,growth,analytical,big,formal,mid,-2.851190477172179,-0.4402572456137002,0
6,7,5,7,3,2,1,5,2,2,1,freedom,social,big,formal,flex,-1.7230064532508065,-1.5464065522950072,0
6,7,6,5,3,4,2,4,2,1,1,money,social,solo,formal,flex,-2.4197191850151163,-0.6109215007459984,0
4,8,2,1,3,4,2,1,1,1,1,money,analytical,solo,formal,big,-5.97299134435645,0.5707283369577406,0
7,8,6,4,1,2,2,4,2,2,2,growth,social,solo,formal,mid,-1.512410729110668,-1.8188219905343124,0
8,9,4,9,1,4,1,3,2,2,1,impact,social,small,formal,startup,-1.1310099687063317,-0.6542065838247152,0
6,9,5,7,3,4,1,3,2,2,1,money,analytical,solo,formal,flex,-1.6864163281701363,-0.06549256098286263,0
7,9,5,7,1,4,1,5,2,2,1,money,social,solo,formal,flex,-1.0218989450986362,-1.536668335449997,0
6,8,6,7,3,4,2,3,2,2,1,impact,social,small,formal,mid,-1.3927527253979646,-0.5012102161816927,0
12,10,9,10,5,4,5,5,4,4,4,money,analytical,solo,result,flex,6.219215648181617,1.6315076207049184,1
8,8,6,7,3,4,2,3,2,2,1,money,analytical,solo,formal,flex,-1.030475955008494,0.024118658021273408,0
6,7,5,7,3,4,1,4,2,2,1,freedom,analytical,solo,collab,flex,-1.8905992668462652,-0.23591772098754557,0
8,7,5,7,3,3,1,3,2,2,1,impact,analytical,solo,collab,flex,-1.8609719592741012,-0.007307606693330228,0
3,6,2,1,3,2,1,1,1,1,2,growth,creative,solo,formal,big,-6.705940563912291,0.6289711474469682,0
9,8,7,7,3,4,1,4,3,2,2,growth,social,small,collab,mid,0.26655402250824256,0.4006195360781341,2
7,7,8,4,3,4,3,4,1,1,2,growth,strategic,small,agile,flex,-1.6160573822659097,-0.39738656400840694,0
7,8,2,4,3,4,1,1,2,1,2,money,social,solo,formal,mid,-4.229101077940553,2.090903640271834,0
8,10,8,5,1,3,3,4,3,2,2,impact,social,big,agile,startup,0.9611200433729876,-2.107880186173302,1
6,8,5,7,2,4,2,4,2,2,1,money,analytical,flex,formal,flex,-1.3541017880180741,-0.9611787318484187,0
7,8,5,7,3,3,2,5,1,3,1,growth,strategic,small,collab,mid,-0.8891945944656783,-1.3100196282150665,0
9,9,6,6,1,3,3,4,2,3,2,impact,social,big,agile,mid,0.5345700763580874,-1.3511271839705612,2
10,9,6,5,3,4,2,3,2,2,2,money,analytical,solo,formal,big,-0.5430438031702927,0.834906052146868,2
9,9,6,5,1,3,3,4,1,3,2,prestige,creative,small,agile,big,-0.17150235820502585,-1.3352014204250657,2
8,9,7,5,2,3,4,4,2,3,1,money,analytical,small,formal,big,0.2847312733421349,-2.127255845250485,2
9,10,8,7,2,3,4,4,3,3,2,impact,creative,big,formal,mid,2.3847074066813883,-1.611050007638194,1
10,7,6,7,3,4,2,4,2,2,2,impact,analytical,small,collab,mid,-0.27365034734025,0.6484514160957126,2
10,10,8,7,3,4,3,4,2,2,2,impact,analytical,big,agile,flex,1.5074834755498705,-0.2851104777421081,2
10,9,7,9,5,3,1,5,3,2,2,money,analytical,small,collab,flex,1.5076289598731265,0.6583543637941746,2
3,6,3,5,5,3,1,3,2,1,1,freedom,analytical,solo,formal,startup,-4.597672430802632,0.38818203104310794,0
9,8,5,7,3,4,1,5,2,2,2,growth,analytical,small,formal,flex,-0.497945953660101,0.4463341451632033,2
6,8,5,6,5,3,2,5,1,2,2,freedom,analytical,solo,formal,flex,-1.471776557532686,0.1915349871544388,0
6,9,5,6,5,4,2,3,2,2,2,impact,social,small,formal,flex,-1.326094361092987,1.2184066940310492,0
9,9,5,7,5,4,2,4,2,2,1,impact,strategic,big,formal,mid,-0.45545167441103257,0.578398953884062,2
10,9,7,8,5,4,5,5,3,2,1,money,analytical,big,collab,flex,2.107806568407237,-0.5583938201532123,2
7,8,6,9,5,3,1,5,1,3,1,freedom,analytical,solo,formal,flex,-0.31981936893312696,-0.20495524040273813,2
8,8,8,7,1,4,4,5,4,3,1,impact,social,flex,collab,flex,2.0962424215120703,-2.47384351552136,1
10,9,8,9,3,4,3,2,3,4,2,money,creative,solo,result,mid,2.4858989640114526,0.813138234349474,1
9,8,6,5,3,4,2,3,3,2,3,impact,analytical,small,result,flex,-0.2146774874844286,1.4875052930323927,2
11,9,8,7,4,4,5,5,2,2,2,freedom,analytical,solo,collab,flex,2.1768340409559066,-0.31194491775170324,1
13,8,4,5,4,4,2,4,1,2,4,growth,analytical,solo,collab,flex,-0.34682018593996905,3.3477114493871563,2
10,9,6,7,4,4,2,4,2,3,2,money,analytical,flex,collab,mid,0.8239639131718777,1.0261114254983126,2
8,8,7,5,1,4,3,3,2,2,1,impact,analytical,small,formal,flex,-1.0079699659575738,-1.4131212928374184,0
6,8,5,4,3,2,2,3,2,1,2,money,creative,solo,collab,mid,-2.701767846327494,-0.5215495557084121,0
13,8,5,7,3,4,1,3,2,2,3,growth,analytical,flex,collab,flex,0.09700096572194028,2.6445099226712965,2
6,10,8,8,3,4,1,5,2,4,1,growth,social,small,formal,startup,1.304711943562273,-1.5281501236791302,1
7,8,3,5,3,4,1,3,2,2,2,money,social,solo,formal,flex,-2.630453458975253,1.3161373602358224,0
6,8,5,6,5,3,1,5,2,2,1,money,analytical,flex,formal,flex,-1.5886626858177721,-0.20314213468099288,0
7,9,3,5,1,3,1,3,1,1,1,money,social,small,formal,mid,-3.6938235374580457,-1.0754526491089034,0
9,9,6,7,3,4,2,4,2,2,2,money,creative,flex,collab,flex,0.1263813397431498,0.42486980320951,2
6,8,5,3,2,1,2,3,2,2,1,prestige,creative,small,formal,mid,-2.907565452505416,-2.1748325514336693,0
8,7,5,5,5,3,1,5,2,2,2,money,social,big,formal,big,-1.45050850884228,0.8542242157712883,0
9,9,7,6,4,4,3,4,2,2,2,money,creative,small,collab,big,0.4222498429295209,0.3172444659767674,2
8,8,7,9,2,4,3,3,3,3,2,growth,analytical,flex,formal,flex,1.414584126829216,-0.13121962678134066,1
7,8,4,6,1,4,1,4,1,2,2,money,analytical,solo,collab,flex,-2.192640785922937,-0.15734271422474255,0
6,8,5,6,3,4,5,3,2,2,1,impact,social,small,collab,flex,-1.134875601157107,-0.9964075325088498,0
5,8,6,5,3,4,5,5,2,2,1,growth,social,big,formal,flex,-0.6603547705675352,-2.088781058636116,2
5,8,6,3,3,4,2,3,3,2,1,prestige,creative,small,agile,mid,-2.1206048518688734,-0.6763837465681253,0
8,8,6,7,3,3,2,4,2,2,2,growth,analytical,small,collab,startup,-0.3744251521305452,-0.3399348859759334,2
3,8,5,5,3,4,2,3,2,1,1,impact,strategic,small,collab,mid,-3.1683809284115627,-0.9357341843177239,0
6,10,4,7,1,4,1,3,2,3,2,money,analytical,solo,result,flex,-0.90836054025315,-0.18072918460716741,0
6,8,5,5,1,4,2,4,1,2,1,money,creative,small,formal,startup,-2.4164001415057337,-1.5338432657469918,0
9,7,5,8,3,4,2,3,2,3,2,money,strategic,solo,formal,flex,-0.36483969002459077,1.3254893622324504,2
6,8,4,6,3,3,2,2,1,2,2,impact,social,solo,collab,flex,-2.675208479214415,0.5441748532855428,0
10,10,8,7,4,3,2,4,2,2,2,growth,social,big,collab,mid,1.167670380462593,-0.13373725589412505,2
9,10,5,6,3,3,5,5,1,2,1,prestige,analytical,small,formal,flex,0.03217184116920413,-1.9489402315809985,2
6,8,5,5,2,2,2,3,2,2,1,money,strategic,flex,formal,startup,-2.2340504058498354,-1.5920096677355404,0
7,7,4,5,3,4,1,3,1,1,2,money,creative,small,collab,startup,-3.442713628510747,1.1074667966175349,0
11,9,5,7,2,4,3,1,2,1,1,growth,analytical,flex,formal,flex,-1.1944035760279947,0.48815358968188344,0
8,9,7,7,3,3,3,3,2,2,1,money,analytical,big,formal,big,-0.12507522791981504,-1.1334013338689397,2
6,8,7,4,3,2,3,3,2,2,1,growth,social,big,collab,mid,-1.6083038064661512,-1.8819903212352291,0
11,10,7,10,5,4,3,3,1,4,2,money,creative,flex,formal,flex,2.36451877081704,1.6806820482725777,1
9,7,6,7,3,4,2,3,3,2,2,growth,creative,flex,collab,flex,-0.22073233255299124,0.9803247764835427,2
10,8,6,7,3,4,2,4,2,2,1,money,analytical,solo,agile,mid,-0.3246550876239283,-0.08283524679849988,2
9,7,6,7,3,4,2,3,3,3,2,growth,creative,flex,collab,flex,0.2523549362696129,1.0477598121175606,2
10,10,8,6,3,3,4,5,2,1,1,money,strategic,flex,agile,startup,0.9652416706715845,-2.0621544214061385,2
11,10,9,7,3,4,3,4,3,3,4,growth,social,big,formal,big,3.5330895395077313,1.1245280410151317,1
9,9,6,7,2,4,2,3,3,2,2,money,analytical,small,formal,mid,0.16352708827890938,0.20662462866675885,2
11,10,8,7,3,4,2,5,3,3,3,money,strategic,small,collab,big,2.86844675544817,0.5432088330628412,1
6,9,8,7,3,3,3,5,3,2,1,money,analytical,small,collab,big,0.7920774662923098,-2.419066470386898,2
6,8,6,7,2,4,2,4,2,2,2,money,analytical,small,collab,flex,-0.7842661066849572,-0.4803774898416803,2
8,8,5,6,3,4,2,3,2,2,1,growth,analytical,solo,collab,flex,-1.5229371797856235,0.07024312254485063,0
7,7,6,9,3,3,1,5,2,2,1,freedom,analytical,small,collab,mid,-0.648527674019282,-1.1635610418900764,2
7,9,7,6,3,3,5,5,2,2,1,impact,strategic,solo,agile,mid,0.535627186661459,-2.5462822155818166,2
13,8,8,8,2,3,3,4,3,3,3,growth,social,small,collab,mid,2.81977013902595,0.3189416947815746,1
9,8,8,7,3,3,5,5,3,2,1,growth,strategic,flex,collab,big,1.7308205049413499,-2.2473152920883437,1
11,9,5,7,3,4,1,2,2,2,3,prestige,creative,small,result,mid,-0.3591859906619368,2.4550135841025646,2
9,8,7,8,3,4,3,3,2,2,3,money,analytical,flex,agile,big,0.8291767969905945,1.1454133565355724,2
9,9,7,8,4,3,2,4,2,3,2,impact,creative,small,collab,big,1.1446094079613909,0.06390742819129966,2
10,8,5,6,3,4,1,4,2,2,2,impact,analytical,small,formal,mid,-0.8662504344397028,0.9245685296145852,2
11,10,6,9,1,2,2,5,2,3,2,growth,analytical,solo,formal,mid,1.8713133867783074,-1.7257272251997808,1
8,9,5,7,5,3,2,4,2,2,2,money,social,flex,collab,flex,-0.3873391991967304,0.8538236650247091,2
7,9,7,6,5,2,2,4,2,2,1,prestige,analytical,small,formal,big,-0.5948504719985783,-1.0689743433433045,2
10,10,8,9,5,2,3,4,2,3,3,growth,strategic,flex,formal,big,2.822052663342576,0.4661986250745949,1
6,7,5,5,3,3,2,3,2,2,1,growth,creative,small,collab,big,-2.4413211896959135,-0.7087017423056124,0
11,9,4,7,3,4,2,2,2,2,2,money,analytical,small,collab,mid,-0.7597994338503817,1.7128276579506625,2
6,8,5,7,2,3,2,3,2,2,1,impact,social,small,collab,flex,-1.7500555260629898,-1.2016052217304096,0
7,8,7,8,5,4,4,4,2,2,2,impact,analytical,flex,collab,flex,0.697654392301301,0.37238883454723687,2
10,10,7,9,5,2,3,3,2,3,3,money,strategic,flex,formal,big,2.186473608433136,1.1084645415178598,1
9,8,5,5,5,4,2,2,2,2,2,money,strategic,solo,formal,flex,-1.5982791691977054,2.3922797125652924,0
11,10,7,8,5,2,3,3,2,3,3,money,strategic,flex,formal,big,2.1001089045757433,1.2809758819578019,1
7,9,8,7,2,2,3,3,3,3,2,growth,social,big,collab,mid,1.1625018039429977,-1.6961181078500056,1
10,10,8,7,3,2,4,4,3,3,2,growth,analytical,small,formal,flex,2.481235596737663,-1.3883477343301118,1
9,8,8,6,3,4,2,4,3,2,2,money,analytical,solo,formal,mid,0.5538866280392685,0.11825228032910523,2
7,8,8,5,3,3,4,3,2,2,2,growth,social,small,collab,mid,-0.2790477722058973,-0.9143923947880562,2
8,8,8,6,3,3,3,4,2,2,2,impact,social,small,result,mid,0.18959247058602885,-0.8628637546374505,2
9,8,5,8,5,3,1,5,1,3,1,freedom,analytical,solo,formal,flex,-0.5316584018880737,0.30873334903982913,2
9,7,5,5,5,4,1,4,3,2,2,money,strategic,solo,formal,flex,-1.1359425199588769,2.0128070188621696,2
9,9,7,9,5,4,2,5,2,2,2,money,analytical,flex,agile,flex,1.3252382364577915,0.7873810276740867,2
7,9,8,5,3,3,3,4,4,2,1,impact,social,small,collab,startup,0.5713999654089954,-1.9554520971544684,2
6,8,5,7,3,3,1,3,2,2,1,freedom,analytical,solo,formal,mid,-1.9663912004831816,-0.528440675156687,0
8,10,9,10,3,4,5,5,4,4,1,freedom,strategic,flex,result,flex,4.583311491703428,-2.1361134910339588,1
9,8,6,3,1,1,3,2,2,3,4,prestige,analytical,small,agile,startup,-0.5575212452149301,0.03135026779129498,0
6,7,7,7,3,4,2,5,3,3,2,growth,analytical,solo,collab,flex,0.5265985503915902,-0.44405378911244914,2
9,9,5,7,4,4,2,3,3,2,2,money,social,small,formal,big,-0.09002534858313425,1.2681749696689768,2
9,9,7,10,3,4,2,4,2,4,2,money,analytical,flex,collab,startup,2.2167414740659845,0.28116910852310856,1
10,9,5,9,3,4,2,3,2,3,1,money,creative,small,agile,flex,0.32442055415084725,0.4591822540118305,2
9,8,8,8,4,3,2,5,3,4,1,money,analytical,small,collab,flex,1.9590459857831102,-0.8143619477046677,1
6,8,7,6,3,3,2,4,3,2,2,freedom,analytical,small,agile,flex,-0.2762411413821065,-0.7274623394746286,2
10,9,6,7,5,4,2,4,2,2,3,growth,analytical,small,collab,mid,0.6572362396292966,1.9799638065937002,2
9,8,6,7,5,3,2,4,2,2,1,growth,creative,small,formal,mid,-0.5440667021789172,0.09086840394727211,2
6,7,4,7,1,4,1,2,2,2,2,growth,social,solo,formal,flex,-2.5298860612691536,0.49064373007195755,0
6,8,4,4,3,4,1,3,2,1,1,impact,strategic,small,collab,flex,-3.4827348785207692,0.0650226069898305,0
9,9,10,9,3,4,4,5,4,3,2,impact,analytical,big,formal,flex,4.043049802734276,-1.2072717769341315,1
10,8,7,7,3,4,2,4,3,2,2,growth,analytical,small,collab,flex,0.7420460803443221,0.39487202448703257,2
8,8,8,8,5,4,3,5,3,3,2,impact,social,flex,formal,mid,2.0503788707940434,0.259246395956147,1
9,10,8,9,3,4,4,5,3,3,2,money,analytical,small,agile,startup,3.2531830472037337,-1.0025619890491104,1
8,9,6,6,3,4,3,3,4,2,2,growth,analytical,solo,result,flex,0.5522542471111307,0.22136043483151077,2
9,8,6,4,3,4,5,4,2,2,2,money,analytical,flex,formal,mid,-0.13842209502589248,-0.22811520895911236,2
9,8,5,7,5,4,2,3,2,3,3,money,analytical,flex,collab,flex,0.12161872541513485,2.7850723652040195,2
7,8,8,6,3,3,4,3,3,3,3,impact,creative,small,collab,startup,1.264006913726831,-0.15284022440345382,1
11,9,5,6,3,3,2,2,2,3,3,money,analytical,flex,formal,flex,0.08323529448639577,2.0037183935090335,2
7,8,8,6,3,4,4,3,3,3,3,impact,social,big,collab,startup,1.3530759820338358,0.29686510135282823,1
9,10,6,8,3,4,2,5,2,2,1,impact,strategic,flex,agile,big,0.7537821745135067,-0.9922529331534181,2
6,9,6,6,3,4,4,3,2,3,2,impact,social,small,result,startup,0.02865059123995821,-0.3742647570145324,2
9,10,8,7,2,4,3,4,3,3,1,growth,social,small,collab,startup,1.8038019254389,-1.660152934902001,1
10,8,3,7,5,4,2,3,1,2,2,money,analytical,small,formal,mid,-1.6574301846382076,2.4147791305767683,0
8,8,8,5,3,3,3,3,3,3,3,money,strategic,big,agile,mid,0.9508528422811378,0.38380944850219306,1
9,8,7,6,2,2,3,4,2,3,2,impact,social,big,formal,mid,0.4828450517938773,-1.3785815753410637,2
9,10,8,5,3,3,3,4,2,3,2,growth,social,big,collab,mid,1.1804935105942183,-0.9383818967341816,1
9,10,8,7,3,3,3,4,3,2,2,impact,social,small,collab,mid,1.601334690813137,-0.997282995093971,1
10,10,7,7,3,3,3,4,2,3,2,impact,social,big,collab,mid,1.5755415114860045,-0.5891446122266629,1
8,8,6,8,5,4,2,4,2,2,1,impact,analytical,flex,collab,flex,-0.2958440754960702,0.47392649357979694,2
9,10,8,6,3,3,2,4,3,1,1,growth,creative,small,agile,big,0.3700892936979069,-1.5616582421504368,2
6,9,6,7,5,3,4,5,2,2,1,growth,analytical,small,formal,mid,0.03164521358026229,-1.4526592881631049,2
9,10,8,5,2,3,3,4,3,3,2,money,creative,big,formal,mid,1.5468432802346106,-1.2809267794163164,1
10,10,8,5,3,3,3,4,2,2,2,money,creative,small,agile,mid,0.8230595648183339,-0.7011827574651486,2
11,10,10,5,3,3,3,4,3,3,3,prestige,creative,small,agile,mid,2.8806642490934604,-0.16372317462041944,1
9,10,7,7,3,3,3,4,2,3,2,money,social,small,agile,startup,1.3391409323075725,-0.665600582676182,1
9,10,7,7,2,3,3,4,2,3,2,impact,creative,big,agile,mid,1.4255557696015573,-1.2005245966897893,1
8,10,8,9,4,4,5,5,3,3,1,impact,analytical,big,collab,big,3.1409869336555065,-1.8061597233840263,1
10,10,7,4,2,3,2,4,2,1,2,prestige,social,big,agile,mid,-0.4398562548098401,-0.9145464206879182,2
9,10,8,5,3,3,3,4,2,3,1,growth,creative,small,formal,big,0.8286870841953096,-1.6495094678004534,2
10,10,7,7,2,3,2,4,2,2,2,impact,creative,big,collab,mid,0.8365447659322294,-0.8675330342848964,2
9,10,5,6,2,3,2,4,1,3,2,money,creative,small,agile,mid,-0.259858888541691,-0.5114033525474418,2
9,10,7,5,3,3,3,4,2,1,2,prestige,creative,big,collab,mid,-0.0611601671187751,-0.8773456732359938,2
11,10,8,8,2,3,3,4,2,3,2,impact,strategic,small,agile,startup,2.3196296071801776,-1.0191065013579534,1
10,10,8,5,3,3,2,4,3,2,2,growth,social,big,collab,mid,1.0551085739096717,-0.604473131773202,2
11,10,8,6,2,3,3,4,2,2,2,impact,creative,small,collab,startup,1.2796904845157622,-1.110295857487113,1
11,10,8,6,2,3,3,4,2,2,3,prestige,creative,small,agile,mid,1.603821240407569,-0.3392617888661789,1
11,9,7,7,2,4,3,3,2,2,2,money,strategic,big,formal,big,0.7658230005763047,0.14795302774454372,2
9,10,8,7,2,3,3,4,2,2,2,money,creative,big,formal,mid,1.1645907080756992,-1.3326304376421994,2
11,7,8,6,3,4,2,5,3,1,2,growth,analytical,flex,collab,big,0.6440497086970567,0.04815167763998584,2
6,8,6,7,5,3,2,5,2,2,1,money,analytical,small,formal,mid,-0.8302651903949125,-0.7305807266459199,2
8,10,6,5,5,4,1,4,2,3,1,money,analytical,flex,collab,flex,-0.37584976380048696,0.578443196074545,2
9,10,7,9,3,4,3,5,2,3,2,money,strategic,flex,agile,mid,2.3101579003933166,-0.4844215610351828,1
11,8,7,8,5,4,2,5,2,2,2,money,analytical,flex,formal,flex,1.0890542122903433,1.2860626982505976,2
13,8,8,7,3,4,3,4,2,3,2,prestige,strategic,flex,formal,big,1.98735986468599,0.6088713656204221,1
4,8,5,7,1,4,1,4,2,3,1,money,analytical,small,formal,flex,-1.6210237015780848,-1.5098555924440376,0
9,8,8,9,3,4,2,5,2,4,2,growth,social,big,formal,flex,2.186706210528241,-0.14900912273815953,1
6,8,7,5,2,3,3,5,2,2,1,freedom,strategic,solo,collab,flex,-0.7854859216331835,-2.4651073894722813,0
9,10,8,9,3,4,3,5,2,4,1,prestige,strategic,flex,result,big,2.8302929329359703,-1.4113731879405662,1
7,8,6,6,3,4,2,5,2,1,1,freedom,creative,big,collab,startup,-1.2487246811499064,-1.1663945180485011,2
6,8,6,6,3,3,2,4,2,2,2,money,creative,flex,collab,flex,-0.9979833908216331,-0.422838820416582,0
9,10,8,8,3,4,3,5,2,2,1,freedom,social,small,agile,mid,1.4508526254159675,-1.5669872784418903,2
6,8,4,5,3,3,2,3,1,1,2,money,analytical,small,collab,flex,-3.145394732981746,0.1563510458055559,0
8,8,5,7,3,3,2,3,2,2,1,money,creative,small,collab,flex,-1.3840941953041197,-0.29599046165635856,0
9,10,8,8,3,4,4,5,2,2,1,impact,social,flex,formal,mid,1.7642814361140828,-1.77784075876956,2
8,10,5,6,2,2,2,3,2,2,1,money,analytical,solo,agile,mid,-1.104838226349065,-1.572431896972067,0
11,10,8,9,3,4,3,5,2,3,3,impact,analytical,flex,formal,mid,3.2851422212812977,0.29605363912491484,1
10,10,9,9,3,4,3,5,2,4,2,prestige,strategic,flex,formal,big,3.59229201635082,-0.6767533970319182,1
9,8,4,5,3,3,2,3,1,2,2,money,creative,small,collab,flex,-2.1497198109113107,0.7691445142698461,0
8,10,8,4,3,3,5,5,3,2,1,impact,analytical,solo,formal,mid,1.1491879028300005,-2.7222104270280774,2
9,10,7,8,3,4,2,5,2,3,1,impact,strategic,small,formal,mid,1.3403376815588912,-1.1046135873159237,2
13,10,10,9,3,3,4,5,3,3,2,money,strategic,flex,formal,mid,4.542250981597821,-0.9973608489759711,1
12,8,5,8,4,4,2,4,2,3,2,impact,analytical,small,formal,mid,0.785102314932205,1.5618455479429403,2
9,8,6,5,3,4,3,5,2,2,3,money,strategic,flex,collab,flex,0.2164538616712655,0.6755298497839071,2
7,9,7,6,3,4,4,3,2,2,2,money,strategic,big,formal,big,0.07834447579767397,-0.3357598562236746,2
6,7,5,5,3,3,3,3,2,2,2,impact,analytical,small,formal,flex,-1.9249249793783711,-0.12453504620847367,0
5,8,4,7,3,3,1,3,2,2,1,freedom,analytical,small,formal,flex,-2.476557534522091,-0.48457262563003967,0
10,8,6,7,3,4,2,2,3,2,2,prestige,analytical,flex,formal,flex,-0.08427551803234766,1.405903224033546,2
7,8,6,7,3,3,2,3,2,3,1,growth,analytical,small,formal,flex,-0.7537824980295582,-0.6725249526139676,0
13,10,9,9,1,4,2,5,3,4,3,growth,analytical,big,collab,flex,4.545763547608762,-0.1482003048029257,1
8,9,3,5,3,4,2,3,1,2,1,money,analytical,flex,formal,flex,-2.56117642850837,0.41407393950278487,0
13,8,8,7,3,4,3,5,2,3,2,prestige,strategic,flex,collab,big,2.300160147619144,0.214347406934597,1
7,8,3,5,4,4,2,3,1,1,2,money,analytical,small,collab,mid,-3.1887455804314104,1.3458835572764565,0
9,9,7,7,3,3,2,2,3,2,3,money,analytical,small,formal,big,0.5301954879113322,1.088797392883819,2
11,9,7,7,3,3,4,4,3,3,3,money,social,big,collab,big,2.5235892681067975,0.2620793010665548,1
12,7,8,9,3,4,2,3,3,4,2,money,analytical,small,formal,big,2.300577473029164,1.25098445268739,1
9,9,7,7,3,4,2,4,3,3,2,impact,analytical,flex,collab,mid,1.4049982186650007,0.1224766352836231,1
12,9,8,7,3,4,2,4,3,3,2,prestige,strategic,small,formal,mid,2.1158421165358288,0.49629553128886766,1
8,8,2,7,3,4,1,3,1,2,2,money,social,small,formal,flex,-2.6814625581092453,1.6507664441886352,0
8,9,8,9,3,3,2,4,3,4,2,growth,analytical,flex,agile,flex,2.5068645959239193,-0.5319196145067892,1
10,9,5,7,3,3,2,3,2,2,2,growth,analytical,small,collab,flex,-0.3631334055613534,0.5026455455120217,2
8,8,5,6,3,4,2,4,2,2,2,money,creative,flex,result,mid,-0.8643083511314942,0.49468272449910017,2
6,8,8,7,3,2,3,5,3,2,1,money,analytical,flex,result,big,0.5798868204708016,-2.682218509891581,2
9,8,8,8,3,4,2,5,3,2,2,money,social,small,formal,flex,1.301456980256921,-0.18567768295707943,2
9,8,6,7,3,4,3,4,2,2,2,money,social,flex,agile,big,0.17723133260612367,0.23366855531171746,2
9,9,6,6,3,4,2,5,2,2,2,money,analytical,small,collab,mid,0.0782337195985384,-0.09919812741509074,2
9,9,5,6,3,4,1,4,2,2,1,prestige,analytical,solo,formal,mid,-1.0899185556009936,-0.06996073435976727,2
9,8,8,9,1,3,2,5,2,4,3,money,analytical,flex,formal,big,2.496387495626187,-0.7689673366358551,1
7,8,6,5,3,2,2,4,2,2,1,money,analytical,small,collab,startup,-1.5079505723339135,-1.6027214869755284,0
10,8,4,7,3,4,2,3,2,1,3,growth,social,flex,formal,flex,-1.0132188610828665,2.0162529929221766,2
7,8,9,7,2,4,3,4,3,3,2,impact,creative,small,collab,big,1.5701737311532669,-1.1675892096178468,1
8,8,7,6,4,3,2,5,2,2,1,money,analytical,solo,formal,startup,-0.41818090191460167,-1.0051986070354682,2
9,8,8,7,3,4,2,4,3,2,2,impact,analytical,small,collab,big,0.9150758658232221,-0.04753763972751066,2
8,7,6,6,3,4,2,4,2,3,3,money,analytical,flex,collab,startup,-0.019491944789905902,1.2049942772141229,2
5,9,5,5,4,3,2,3,1,2,1,growth,social,small,formal,mid,-2.587264484315212,-0.6635418797940815,0
13,10,10,8,4,4,3,5,3,4,3,growth,social,big,result,startup,4.934099125411879,0.737727319966306,1
9,9,5,7,3,4,3,4,1,2,1,growth,social,small,formal,big,-0.7168175372763717,-0.5940815182935127,2
9,8,6,6,3,4,3,4,2,2,1,money,analytical,small,collab,flex,-0.5506674991345772,-0.4585750655714466,2
6,8,3,5,3,4,1,3,2,1,1,impact,social,small,collab,startup,-3.5272073453871413,0.12447413907574731,0
10,10,5,7,4,4,2,4,2,2,1,growth,analytical,small,agile,big,0.019470167916484926,0.0946492949555918,2
7,9,6,8,3,4,2,3,3,3,2,impact,strategic,small,collab,mid,0.6327890252946708,0.2962738591665863,2
9,7,6,5,2,4,2,3,2,2,2,money,analytical,solo,formal,mid,-1.3384467112727414,0.527406652103488,0
8,8,6,5,3,4,1,3,3,2,2,money,social,solo,formal,flex,-1.101035831460996,0.979244146928182,0
10,8,7,9,3,4,2,5,2,3,2,freedom,social,flex,collab,flex,1.6280106485699046,0.20144975297416903,1
10,9,6,8,3,3,2,4,2,3,4,money,analytical,flex,collab,flex,1.663800693649619,1.6126956860838277,1
7,7,5,7,3,4,2,4,2,2,2,prestige,analytical,solo,collab,flex,-1.1159188030182767,0.4074407627572813,0
5,6,5,3,5,3,1,2,2,2,2,money,strategic,solo,formal,flex,-3.710610520861119,1.7518468631734714,0
8,8,7,7,3,4,2,4,3,2,2,money,strategic,small,collab,flex,0.3368420965175863,0.17429073869589332,2
7,8,4,5,3,4,2,3,2,2,1,money,social,small,collab,flex,-2.3728173849788683,0.15375016205153322,0
9,9,6,7,3,4,1,4,2,2,1,money,analytical,flex,collab,flex,-0.4589381441209594,-0.07483348648558999,2
8,10,5,6,3,4,2,5,2,2,1,impact,analytical,flex,collab,startup,-0.3068226254187622,-1.0368978246655631,2
7,9,8,7,3,3,2,5,2,2,2,growth,strategic,big,formal,flex,0.6174058333494377,-1.2373086573066367,2
7,8,5,6,2,4,2,2,2,1,2,money,social,flex,formal,startup,-2.1589256077470944,0.5316385867972508,0
9,8,8,8,3,4,3,4,3,4,2,impact,analytical,flex,formal,flex,2.4017730161849986,0.025198884546870907,1
7,7,3,5,3,4,2,3,1,1,1,money,social,flex,collab,flex,-3.7721435032832225,0.46042196926705686,0
6,9,5,6,3,4,2,4,1,1,1,impact,analytical,flex,collab,flex,-2.167274331973367,-0.8240153097133962,0
10,10,5,8,3,3,2,5,2,3,3,money,social,flex,collab,flex,1.5515628520037414,0.5575112415165492,1
6,8,7,5,2,2,3,4,2,2,2,impact,analytical,small,collab,startup,-0.7675624924138547,-2.016691930039328,0
9,7,7,8,1,3,2,4,3,3,2,growth,social,solo,collab,mid,0.9232468332095654,-0.977980590176438,1
10,10,5,8,1,2,2,3,2,2,2,growth,analytical,flex,collab,flex,0.17551927342944545,-0.9678769690971734,2
7,8,5,7,1,4,1,4,2,1,1,money,creative,flex,collab,big,-1.8674966579314025,-1.1728249619159363,0
9,7,7,8,3,4,2,4,2,4,2,money,analytical,flex,formal,flex,1.0759263384231592,0.6831590420829903,1
9,8,6,7,5,3,2,4,2,2,2,money,analytical,small,collab,flex,-0.2326419556729586,0.9408803305898841,2
9,8,5,6,1,2,1,5,2,2,1,impact,social,small,formal,startup,-1.2482097205620613,-2.19357024775641,0
8,8,7,5,3,4,2,5,3,2,1,money,creative,flex,formal,flex,-0.18716779049686524,-0.8602086425633485,2
9,8,4,7,3,4,1,5,2,2,2,freedom,analytical,flex,collab,flex,-0.696548999935171,0.6775655284502375,2
8,9,5,8,3,4,2,4,2,2,1,impact,analytical,small,collab,flex,-0.4599694344859789,-0.4653425179105278,2
10,8,6,7,5,4,2,4,2,2,2,growth,analytical,solo,formal,mid,0.04142832566456624,1.4499459282903502,2
3,8,5,5,1,4,2,3,2,2,1,impact,strategic,solo,collab,flex,-2.733667641185008,-1.6819273961895878,0
7,9,3,4,3,4,1,3,1,2,1,money,analytical,solo,formal,mid,-3.3381645096412953,0.3736562176639247,0
5,7,7,7,1,4,3,5,2,3,1,money,social,small,formal,mid,-0.313111097305658,-2.4337842032319634,2
6,6,4,5,3,4,2,3,2,1,1,money,social,small,collab,flex,-3.574073836702123,0.2027371642225204,0
7,8,7,8,1,4,2,5,2,2,1,money,analytical,small,collab,mid,-0.09186582422852083,-2.091790603087763,2
9,9,8,6,3,4,3,5,3,2,2,money,strategic,flex,collab,big,1.5313278652301126,-0.6343836052090731,2
12,9,6,8,3,3,2,4,2,2,3,money,analytical,flex,collab,flex,1.2192072828472726,1.1779487986980495,2
9,9,5,6,2,4,3,5,1,2,2,impact,social,big,collab,startup,-0.330012375581706,-0.72864141412051,2
8,9,6,7,3,4,2,5,2,2,2,money,analytical,flex,collab,flex,0.24481561420980597,-0.14723016422547835,2
8,9,6,7,3,4,2,4,2,2,1,impact,analytical,small,agile,startup,-0.36357353781216134,-0.7179271164131996,2
6,8,5,7,3,3,3,2,2,2,1,money,analytical,flex,formal,big,-1.6229208700231734,-0.5654672376407647,0
6,8,5,5,2,4,1,5,2,2,1,money,analytical,small,formal,mid,-1.9498354217175375,-1.2272370543060847,0
10,8,5,5,3,3,2,3,2,2,3,money,strategic,solo,agile,mid,-0.83499686799104,1.4497421235780499,0
9,7,5,7,3,3,1,5,2,3,2,money,analytical,big,collab,mid,-0.2907687498747306,0.18674278243688983,2
9,9,7,8,3,4,3,4,2,2,2,growth,analytical,flex,collab,mid,1.03684701873418,-0.17363452977794316,2
9,9,5,6,3,3,2,1,2,2,1,prestige,analytical,solo,collab,mid,-1.692437544374432,0.33315136749333335,0
10,9,7,8,1,4,2,5,3,4,2,impact,creative,small,agile,startup,2.5035462115879423,-0.9578836438461902,1
6,8,7,7,3,4,3,5,2,2,1,impact,analytical,flex,collab,big,-0.04669517443830015,-1.6733375050111565,2
9,9,5,6,3,4,1,5,2,2,1,prestige,creative,small,collab,startup,-0.7851510539996465,-0.48745997847735034,2
12,8,5,6,3,4,2,3,2,2,2,money,analytical,flex,formal,flex,-0.4816052739652285,1.6314793814013235,2
7,8,7,4,3,4,2,4,3,2,2,prestige,analytical,small,formal,flex,-0.6340077581053536,-0.09269005749256645,2
13,8,5,6,3,3,1,3,2,2,3,money,analytical,solo,formal,flex,-0.36853560671092633,2.26533856686716,2
13,8,6,7,2,3,2,1,3,2,3,growth,analytical,flex,formal,mid,0.4533283884175457,2.0017120293481305,2
9,10,5,8,3,3,3,3,2,3,2,growth,analytical,flex,agile,flex,0.8570916401181665,0.07659243641520494,2
6,7,5,6,3,4,3,3,2,2,1,money,creative,solo,formal,mid,-1.9631386107513031,-0.30580137865760487,0
9,8,4,7,3,2,1,4,1,3,2,money,analytical,flex,collab,flex,-1.0772619627896391,0.26448088614812065,0
2,8,4,4,3,2,2,3,1,2,1,growth,social,small,collab,flex,-4.019824872304084,-1.7441935379935023,0
12,8,5,7,5,3,2,3,2,2,2,money,analytical,flex,collab,flex,-0.19356517376639798,2.057438938840895,2
6,9,5,7,4,3,2,4,2,2,2,money,social,flex,formal,flex,-0.7949112837516277,0.06833986264270653,2
8,9,6,7,3,4,1,4,2,2,1,growth,analytical,flex,collab,flex,-0.5898553460235598,-0.3491806193215138,2
6,9,5,6,1,4,2,3,2,2,1,money,analytical,flex,result,flex,-1.6008246034885325,-1.1980821183455268,0
6,8,6,7,1,2,2,4,2,3,2,growth,creative,small,agile,flex,-0.3717850464015395,-1.8684300617830953,0
9,8,5,6,3,4,2,4,2,2,2,money,creative,flex,result,startup,-0.6644926995639977,0.6468902766871869,2
11,9,7,7,3,4,5,4,3,4,4,growth,strategic,solo,result,flex,3.6439040584954068,1.3359700554233,1
7,9,8,5,1,4,3,5,3,2,1,prestige,analytical,small,collab,flex,0.42023980354228574,-2.6621187521050165,2
2,8,5,3,2,4,2,1,2,2,1,money,social,solo,formal,big,-4.036523093049547,-0.6573098643864422,0
13,10,8,9,3,3,5,4,3,4,1,growth,analytical,flex,formal,big,4.158247845721679,-1.3353066981962247,1
8,8,3,6,3,4,2,3,1,2,1,money,analytical,solo,formal,flex,-2.646258286380144,0.5335232117688561,0
8,10,6,7,3,4,2,3,3,2,2,growth,analytical,small,agile,flex,0.37138374291961823,0.309778303141305,2
7,8,5,7,2,3,2,5,1,3,1,freedom,analytical,small,formal,mid,-0.9540922946825223,-1.742247414252073,0
8,9,6,5,3,4,2,3,2,2,2,money,social,small,formal,mid,-1.0004754829002604,0.5105912939937012,0
7,8,6,5,4,4,2,5,2,2,3,growth,creative,small,formal,flex,-0.47370440310924783,0.8811910692123773,2
2,8,5,5,3,3,1,2,2,2,1,freedom,strategic,small,agile,flex,-3.468929360569041,-0.7804598090140874,0
7,6,6,7,3,3,2,5,2,2,2,money,analytical,solo,collab,flex,-0.8824239285226991,-0.3808649166878904,2
5,8,6,8,4,3,2,4,1,2,2,money,analytical,solo,result,big,-1.0490806943669344,-0.2731852352481756,2
6,8,7,5,3,4,3,4,2,2,2,money,analytical,small,collab,big,-0.6617725429461312,-0.5396788219810229,2
10,8,3,6,3,3,1,3,1,2,3,growth,analytical,solo,collab,flex,-1.8745844420880626,1.9680558382512279,0
9,8,5,6,3,4,1,4,2,2,2,money,social,flex,collab,mid,-1.0013303585916558,0.8935720703105154,2
7,8,8,8,3,4,3,5,2,3,2,money,analytical,flex,formal,mid,1.3896431978628043,-0.7338875779209647,2
7,7,5,5,3,3,3,3,2,2,2,impact,analytical,small,formal,flex,-1.7464083245166204,0.05003038578956883,0
9,8,4,7,3,4,1,3,2,2,2,money,social,flex,collab,mid,-1.3244286018228015,1.4381103774739992,0
9,8,8,7,3,4,3,4,3,2,1,money,analytical,small,formal,big,0.7891080271658952,-0.8879005098300338,2
9,8,8,7,5,4,3,4,3,2,2,prestige,analytical,flex,formal,flex,1.2263635942832243,0.8179767948777298,2
9,8,4,7,3,4,2,3,1,2,1,money,social,small,formal,big,-1.8969651997035486,0.4320796959401659,0
8,10,6,5,5,3,2,4,2,1,1,money,social,small,formal,startup,-1.2276412481724075,-0.3744534447339473,2
6,7,8,6,5,4,2,4,2,2,1,prestige,analytical,flex,agile,big,-0.7757982540340971,-0.13999324717760822,2
6,8,7,8,1,3,2,5,3,3,1,prestige,social,solo,formal,big,0.6176191165370828,-2.7282723073544632,2
10,7,8,6,2,4,3,4,3,1,2,money,analytical,flex,result,mid,0.35668994334894016,-0.30465455573896877,2
9,7,6,8,2,4,1,4,2,3,2,money,analytical,big,formal,flex,-0.01860588529545122,0.5032576951587333,2
9,8,5,7,2,4,2,5,2,2,2,growth,analytical,big,formal,big,-0.1276129744983363,-0.36435327985850957,2
6,9,5,7,3,4,2,3,2,2,1,money,analytical,big,collab,mid,-1.3274206561896766,-0.43102352945404826,0
7,8,5,7,3,4,2,4,1,2,1,growth,analytical,big,formal,mid,-1.5598818801140029,-0.5563437076162052,0
7,7,6,5,3,3,3,4,1,1,2,money,social,flex,formal,flex,-2.0558189463958993,-0.3860451383789015,0
5,8,6,4,4,4,2,5,2,2,1,money,strategic,solo,formal,startup,-1.7389486458005916,-0.8701714207987604,0
10,9,6,7,3,3,2,4,2,2,2,growth,social,flex,collab,mid,0.2891195561844931,-0.047549192741607856,2
7,8,5,7,3,4,1,3,2,2,1,impact,analytical,solo,collab,flex,-1.7155552068754645,0.14008519738249167,0
9,8,6,6,3,4,3,3,2,2,2,growth,social,small,collab,mid,-0.4857502719392109,0.4758697286395723,2
6,8,3,5,4,4,2,3,1,1,2,money,analytical,small,collab,mid,-3.367262235293161,1.1713181252784142,0
8,8,5,7,2,4,2,4,2,3,1,growth,social,solo,result,startup,-0.5084047647451333,-0.7631630465267947,2
9,8,5,7,3,4,1,3,2,3,2,money,analytical,big,collab,mid,-0.5348125785963145,1.2604458157123561,2
9,9,8,8,2,4,3,5,2,2,1,money,analytical,flex,formal,flex,1.1868597126729565,-1.695031491701154,2
6,9,5,3,3,3,1,2,2,2,1,money,analytical,flex,formal,flex,-3.0039005717071654,-0.13718994539629784,0
11,9,8,7,3,4,3,4,2,2,2,growth,analytical,small,collab,big,1.3869901497388135,-0.07463073161859807,2
7,7,5,6,1,4,2,3,2,2,2,impact,analytical,small,formal,flex,-1.7456163858332827,-0.15207098572993627,0
6,8,6,7,3,4,2,4,2,2,1,money,analytical,small,formal,mid,-1.1086008849234168,-0.7972653540116142,0
11,9,5,7,3,4,2,3,1,2,2,money,analytical,solo,formal,flex,-0.6344792794344476,1.2969989461582396,2
12,10,8,7,3,3,5,5,3,2,1,prestige,analytical,big,formal,mid,2.699243288140837,-2.0324699866657125,1
8,9,6,6,3,3,2,3,2,2,2,money,analytical,big,formal,big,-0.6351504623933066,-0.013999329785721965,2
9,9,5,7,3,4,2,4,1,2,2,money,analytical,big,formal,mid,-0.6470823076269585,0.46351783806408203,2
10,8,6,6,3,3,2,4,2,2,2,growth,analytical,small,collab,mid,-0.3035721978319335,0.02949976627200706,2
8,9,5,4,2,4,2,3,2,1,2,money,analytical,flex,formal,flex,-1.9454227255429002,0.26117620128646984,0
6,8,5,2,5,4,2,4,2,2,2,prestige,strategic,flex,collab,flex,-2.2259960362504554,1.0439865665697148,0
6,9,7,7,3,4,3,4,2,2,1,money,social,small,collab,flex,-0.2810411450156967,-1.2763102342352715,2
7,9,5,9,2,3,2,3,2,4,2,money,analytical,big,collab,mid,0.5847384523286479,-0.3234935967702543,2
11,8,6,6,3,4,2,4,2,2,2,money,analytical,flex,formal,flex,-0.07214232687668938,0.9144297337978976,2
12,10,8,7,3,3,5,5,3,2,1,freedom,social,small,collab,mid,2.62612874960212,-2.0137637618989874,1
9,8,7,6,3,4,3,3,2,2,1,money,analytical,small,formal,mid,-0.5481875695907028,-0.30476413086825893,2
11,10,9,9,3,4,4,5,2,4,1,impact,analytical,big,formal,big,3.6944060119183897,-1.5679683899655568,1
6,9,3,4,3,4,1,3,1,2,1,money,analytical,solo,formal,mid,-3.516681164503046,0.19909078566588242,0
5,8,5,5,3,3,2,2,2,2,1,money,creative,small,formal,flex,-2.7622071602608114,-0.4292709820808612,0
7,8,5,6,3,4,2,3,1,2,2,growth,social,small,collab,mid,-1.8554449298948978,0.5433754388288948,0
9,8,5,6,3,3,3,2,2,2,1,money,analytical,flex,formal,big,-1.3522522641570651,-0.04382503320473755,0
9,8,6,9,3,3,2,3,2,4,1,growth,analytical,flex,formal,flex,0.6976072172264329,-0.20147277321616444,2
6,9,5,5,3,2,2,5,1,2,1,money,social,small,collab,startup,-1.9090936379128927,-2.1044054535010694,0
9,8,3,5,3,4,2,3,1,2,2,money,analytical,flex,formal,mid,-2.317657357445102,1.3764746151721416,0
9,9,7,6,3,4,2,2,3,2,2,money,analytical,small,formal,big,-0.014118179270117534,0.8377525565532619,2
9,9,5,5,3,4,5,5,2,1,1,prestige,analytical,small,formal,mid,-0.4812986578587383,-1.4912080541661938,2
6,9,5,6,1,4,2,3,2,2,1,prestige,analytical,flex,result,flex,-1.5702732832942072,-1.2742188905796032,0
6,8,4,5,1,2,3,3,1,1,1,money,analytical,big,formal,flex,-3.2600429674258513,-2.169399736724696,0
8,9,4,6,3,3,1,2,2,3,2,impact,creative,solo,formal,flex,-1.4043276476583766,1.0663264958539376,0
6,8,5,5,3,2,2,3,2,1,1,money,analytical,small,collab,mid,-2.768833094674304,-1.2798798591922493,0
9,9,7,7,2,3,3,4,2,3,2,money,analytical,big,formal,big,1.1173296555695404,-1.0058350475607767,1
8,9,8,8,3,3,3,4,2,3,1,money,analytical,flex,formal,mid,1.1813509038088392,-1.5128381689468784,2
6,8,6,7,3,4,2,3,3,2,1,growth,analytical,small,collab,big,-0.8317437489259196,-0.5825324712482102,2
11,8,5,7,2,4,2,5,2,2,2,growth,analytical,flex,formal,mid,0.20989823746178166,0.07833583747290199,2
6,6,6,5,1,3,3,4,2,2,1,growth,creative,solo,collab,mid,-1.931016876657682,-2.2007401797597415,0
9,10,7,7,3,4,5,4,2,2,3,money,analytical,solo,formal,big,1.8087746075740883,-0.02229112016070637,1
9,8,7,7,3,4,3,3,2,3,1,money,analytical,big,formal,mid,0.25530295967345673,-0.24737209973741045,2
6,8,4,6,2,4,1,3,2,1,2,impact,social,solo,collab,mid,-2.656452190900293,0.2659920531740711,0
8,8,6,7,2,4,2,5,2,2,1,money,analytical,small,collab,flex,-0.4717836306737139,-1.2235617401942418,2
7,8,5,4,3,3,2,4,2,2,2,freedom,social,flex,result,flex,-1.625874765416919,-0.1498798748922182,0
7,7,5,6,3,4,2,3,2,2,1,money,analytical,small,collab,flex,-2.040249018326105,0.11867358382826595,0
10,8,7,7,3,4,5,5,2,2,2,money,analytical,flex,collab,flex,1.4402406743680225,-0.5344220709991223,2
7,9,8,9,3,4,4,4,3,2,2,growth,social,small,collab,flex,1.8160384801789202,-0.8976121783964722,1
9,9,6,7,3,3,2,4,2,2,2,growth,analytical,flex,formal,flex,0.10902429585661617,-0.1453744453548803,2
7,9,3,8,3,4,1,2,1,2,1,growth,social,solo,formal,mid,-2.5535505277903217,0.673975869337554,0
8,8,5,9,3,3,2,4,2,2,2,freedom,analytical,solo,collab,startup,-0.14721409848096367,-0.11404231368122747,2
5,7,6,7,2,4,3,4,1,2,1,impact,analytical,flex,collab,flex,-1.605468669763907,-1.4981220230806873,0
12,10,5,7,3,3,1,3,2,2,3,money,analytical,small,formal,mid,0.2624013870029597,1.7054590071881686,2
8,8,8,9,3,4,1,4,2,3,2,money,analytical,solo,formal,flex,0.9231417253669474,0.3414101227982606,2
10,8,6,5,3,4,2,4,2,2,2,money,analytical,small,formal,mid,-0.5957575312114582,0.6133309066122002,2
14,10,5,7,3,3,1,3,2,2,3,money,analytical,small,formal,mid,0.619434696726461,2.0545898711842536,2
6,8,6,6,3,3,2,4,2,2,1,growth,analytical,small,formal,mid,-1.3749899339243472,-1.366553117382984,0
10,8,5,6,3,4,2,3,2,2,2,prestige,strategic,flex,formal,flex,-0.8086584846384888,1.2349796225382268,2
9,7,7,7,2,3,3,4,2,3,3,money,social,small,agile,flex,0.7888862568397677,0.12877792609330316,1
6,7,5,7,3,4,2,3,2,2,1,money,analytical,small,collab,mid,-1.9425950859509884,-0.12793896358973092,0
7,8,5,7,3,4,1,3,2,3,1,money,creative,small,collab,startup,-1.2775705563771462,0.20627358905588497,0
8,8,5,6,1,4,1,4,2,2,1,growth,strategic,small,agile,mid,-1.5330985381876854,-1.03230918532986,0
9,6,6,7,4,4,2,5,2,2,2,money,analytical,big,formal,big,-0.3774197517586266,0.7698130707197202,2
7,9,5,5,2,3,2,4,2,3,2,impact,creative,small,agile,mid,-0.6793127347189882,-0.8245476159412258,0
9,8,8,8,3,4,4,4,2,2,2,money,analytical,flex,collab,flex,1.2768654006954472,-0.25927126695395636,2
6,9,7,7,3,4,3,4,2,2,1,money,analytical,solo,formal,flex,-0.25496105526396823,-1.251391719370609,2
9,8,6,6,3,4,2,5,2,3,2,money,analytical,small,collab,mid,0.2764947244016925,0.11373064312045103,2
12,7,5,7,3,4,2,3,2,3,4,impact,social,big,formal,flex,0.6124682529308068,3.137055221507007,2
10,7,6,7,2,4,2,3,2,2,2,money,strategic,solo,formal,big,-0.585231944804218,0.7037650839622387,2
8,9,5,6,5,3,2,3,2,2,2,money,social,small,collab,flex,-1.027715595178458,1.17726387541591,2
10,7,6,7,3,4,3,4,2,2,2,money,social,small,formal,big,-0.06409440697552944,0.5094607887967865,2
10,9,8,8,3,4,4,4,3,2,2,prestige,analytical,small,formal,mid,2.090658804849525,-0.42378727992797954,1
10,10,5,9,3,2,1,5,2,3,2,money,social,flex,result,flex,1.189291614447698,-0.3774996908420131,2
10,9,6,8,1,3,2,3,3,3,4,money,analytical,flex,collab,flex,1.7752858766547717,1.0669358934508104,1
9,7,6,6,3,4,2,4,2,2,2,money,strategic,flex,collab,flex,-0.6757614568215571,0.7209089219853769,2
11,9,8,7,2,4,1,5,3,3,2,prestige,social,big,agile,mid,2.0109251723026333,-0.3017087838790557,1
10,10,7,7,2,3,2,5,2,3,2,money,analytical,big,result,mid,1.5884602407403183,-1.0933745857209554,1
9,7,4,5,3,3,1,5,2,2,2,money,analytical,small,formal,flex,-1.7032325152772299,0.38666124381560224,0
8,8,5,7,3,4,2,3,2,2,2,money,analytical,solo,collab,flex,-0.977115822322387,0.8885216306886772,0
11,9,6,6,3,4,1,2,3,3,4,growth,social,flex,agile,flex,0.9966454267839278,3.1578993554280643,1
13,10,7,7,4,3,2,5,3,3,3,impact,analytical,small,collab,flex,2.8762434906846512,1.0270905833434214,1
8,7,6,6,5,4,3,3,4,1,2,freedom,analytical,big,formal,flex,-0.4418570485886179,1.3636617173065253,2
12,8,7,7,3,4,3,5,2,2,2,prestige,strategic,small,collab,mid,1.2075522053913161,0.11966372027817587,2
8,8,4,6,3,3,1,3,2,2,1,growth,strategic,small,collab,flex,-2.162718338328367,0.014292866372052258,0
9,9,7,7,3,4,2,3,3,2,2,money,analytical,flex,formal,flex,0.5694623728813162,0.6194966137626726,2
8,9,5,6,3,4,1,4,2,2,1,growth,analytical,flex,collab,flex,-1.1587276887020077,-0.1846228938750312,2
9,10,7,9,3,3,2,5,2,4,1,money,creative,flex,collab,big,2.144273709682499,-1.413208847237006,1
7,8,6,7,2,2,1,3,3,2,1,growth,analytical,small,formal,big,-1.0717224988757263,-1.5408223566979717,0
6,9,8,8,3,3,1,4,2,2,1,money,social,small,formal,flex,-0.32957229751692846,-1.4128652447943382,2
6,8,4,6,5,3,1,3,2,2,1,growth,analytical,flex,formal,flex,-2.413031452799897,0.6154327786873105,0
6,8,5,6,5,3,1,3,2,2,1,impact,analytical,flex,formal,flex,-2.11828085628954,0.45277281407142095,0
4,6,7,7,3,4,3,4,2,2,1,freedom,analytical,solo,formal,flex,-1.4038038506162018,-1.230930049784028,0
9,10,6,5,3,3,4,5,2,2,3,impact,creative,solo,agile,mid,0.9735598874408251,-0.513906107187112,2
8,9,8,8,2,3,3,4,2,2,1,money,social,small,collab,flex,0.5740302542560871,-2.014193565131999,2
9,10,9,9,2,3,3,4,2,4,2,impact,strategic,solo,formal,big,2.991623283112329,-1.445694530284154,1
